h3,quietness,n_reviews_aspect,n_reviews_total,aspect_coverage
894898c1057ffff,0.6958,15,107,0.14
894898c124bffff,0.6817,12,28,0.429
894898c13dbffff,0.964,1,1,1.0
894898c164bffff,0.6497,54,166,0.325
894898c167bffff,0.3808,4,22,0.182
894898c3317ffff,0.5838,45,153,0.294
894898c332bffff,0.7615,70,194,0.361
894898c36c3ffff,0.7104,167,416,0.401
894898c8003ffff,0.6085,71,476,0.149
894898c8007ffff,0.7927,24,122,0.197
894898c8013ffff,0.5838,28,98,0.286
894898c8017ffff,0.7616,2,18,0.111
894898c8023ffff,0.427,15,84,0.179
894898c802bffff,0.6559,252,1436,0.175
894898c8033ffff,0.5801,44,272,0.162
894898c803bffff,0.7616,1,32,0.031
894898c804fffff,0.8426,5,18,0.278
894898c8063ffff,0.8122,4,20,0.2
894898c8067ffff,-0.1012,2,31,0.065
894898c806fffff,0.7717,20,111,0.18
894898c8073ffff,0.7368,35,141,0.248
894898c807bffff,0.7616,1,7,0.143
894898c8087ffff,0.6917,15,94,0.16
894898c808bffff,0.7035,32,154,0.208
894898c808fffff,0.2071,34,197,0.173
894898c80a3ffff,0.6415,20,140,0.143
894898c80a7ffff,0.8194,7,72,0.097
894898c80abffff,0.7035,29,114,0.254
894898c80afffff,0.7841,17,81,0.21
894898c80b3ffff,0.5585,13,93,0.14
894898c80b7ffff,0.7616,2,5,0.4
894898c80bbffff,0.3136,16,129,0.124
894898c80c7ffff,0.5712,8,50,0.16
894898c80d7ffff,0.2359,16,92,0.174
894898c8153ffff,0.1012,2,8,0.25
894898c8183ffff,0.5151,7,58,0.121
894898c818bffff,-0.7616,2,10,0.2
894898c819bffff,0.2539,3,17,0.176
894898c81c3ffff,0.457,5,19,0.263
894898c81cbffff,0.6295,10,39,0.256
894898c81cfffff,0.7616,3,55,0.055
894898c81d7ffff,0.5788,22,101,0.218
894898c81dbffff,0.5965,37,173,0.214
894898c8207ffff,0.7616,1,11,0.091
894898c820fffff,-0.7616,2,22,0.091
894898c824fffff,0.2539,3,5,0.6
894898c8273ffff,0.7996,14,64,0.219
894898c827bffff,0.1921,25,173,0.145
894898c8303ffff,0.385,61,188,0.324
894898c830bffff,-0.2975,6,40,0.15
894898c830fffff,0.6684,10,49,0.204
894898c8323ffff,0.454,31,258,0.12
894898c8333ffff,-0.3933,29,110,0.264
894898c833bffff,0.2049,25,320,0.078
894898c8377ffff,0.7209,41,248,0.165
894898c8383ffff,0.5872,102,499,0.204
894898c8387ffff,-0.1523,4,31,0.129
894898c8397ffff,0.6999,140,515,0.272
894898c83a7ffff,0.2157,7,88,0.08
894898c83b7ffff,0.8628,4,84,0.048
894898c83bbffff,-0.7616,1,13,0.077
894898c83c7ffff,0.7616,2,12,0.167
894898c841bffff,-0.7616,1,2,0.5
894898c844fffff,0.7616,1,3,0.333
894898c846fffff,0.5059,9,38,0.237
894898c84c7ffff,0.8628,2,12,0.167
894898c851bffff,0.8021,4,9,0.444
894898c853bffff,0.7905,14,109,0.128
894898c8543ffff,0.7616,1,9,0.111
894898c854bffff,-0.1523,5,44,0.114
894898c8553ffff,0.8122,4,17,0.235
894898c8557ffff,0.7005,15,152,0.099
894898c8563ffff,0.727,88,355,0.248
894898c8567ffff,0.6237,56,264,0.212
894898c856bffff,0.2539,2,5,0.4
894898c8577ffff,0.5924,9,44,0.205
894898c858fffff,0.6148,9,75,0.12
894898c8593ffff,0.8291,2,11,0.182
894898c8663ffff,0.7616,1,6,0.167
894898c8853ffff,0.0886,101,469,0.215
894898c8a9bffff,0.6515,11,40,0.275
894898c8adbffff,-0.7841,9,46,0.196
894898c8e03ffff,0.482,4,25,0.16
894898c8e07ffff,0.6526,110,414,0.266
894898c8e0bffff,0.5729,7,37,0.189
894898c8e17ffff,0.0,2,16,0.125
894898c8e1bffff,0.8035,28,186,0.151
894898c8e27ffff,0.7616,2,4,0.5
894898c8e33ffff,0.7869,7,32,0.219
894898c8e43ffff,0.7616,4,19,0.211
894898c8e47ffff,0.6812,137,512,0.268
894898c8e4fffff,0.723,59,228,0.259
894898c8e53ffff,0.7616,3,8,0.375
894898c8e57ffff,0.7359,66,325,0.203
894898c8e5bffff,0.7616,6,31,0.194
894898c8e63ffff,0.6036,15,45,0.333
894898c8e6bffff,-0.7616,2,35,0.057
894898c8e73ffff,0.2157,7,46,0.152
894898c8e77ffff,0.618,46,227,0.203
894898c8e7bffff,0.6923,135,444,0.304
894898c8e8bffff,0.1981,30,232,0.129
894898c8e9bffff,0.5432,19,70,0.271
894898c8ea3ffff,0.6756,49,300,0.163
894898c8ea7ffff,0.5752,18,108,0.167
894898c8eabffff,0.3462,10,125,0.08
894898c8eafffff,0.4314,4,57,0.07
894898c8ebbffff,-0.1563,44,359,0.123
894898c8ec7ffff,0.2355,51,240,0.212
894898c8ecfffff,0.5415,5,38,0.132
894898c8edbffff,0.7616,1,2,0.5
894898c9083ffff,0.7616,1,8,0.125
894898c90d7ffff,0.0,1,5,0.2
894898c91b3ffff,-0.7616,2,24,0.083
894898c938fffff,0.0,1,4,0.25
894898c93afffff,0.7616,1,19,0.053
894898c9403ffff,0.0,5,106,0.047
894898c9417ffff,0.7616,1,3,0.333
894898c9497ffff,0.6821,81,286,0.283
894898c94c7ffff,0.7455,122,379,0.322
894898c985bffff,-0.1041,37,353,0.105
894898c9c07ffff,0.7869,8,58,0.138
894898c9c0fffff,0.2539,3,44,0.068
894898c9c33ffff,0.5712,24,235,0.102
894898c9c3bffff,0.6291,149,831,0.179
894898c9c77ffff,0.6705,75,285,0.263
894898c9ddbffff,0.8291,6,39,0.154
894898ca017ffff,0.457,5,29,0.172
894898ca087ffff,0.7616,2,4,0.5
894898ca0a7ffff,0.3213,3,11,0.273
894898ca0afffff,0.2539,3,24,0.125
894898ca0bbffff,0.7616,4,27,0.148
894898ca103ffff,0.7616,1,3,0.333
894898ca197ffff,0.7616,1,2,0.5
894898ca203ffff,0.3594,22,159,0.138
894898ca213ffff,0.7616,2,5,0.4
894898ca217ffff,0.6319,63,232,0.272
894898ca21bffff,0.7616,1,7,0.143
894898ca28fffff,0.6834,26,143,0.182
894898ca2bbffff,0.7905,5,59,0.085
894898ca2c7ffff,0.3232,18,81,0.222
894898ca2cfffff,0.7616,8,82,0.098
894898ca323ffff,0.6799,48,183,0.262
894898ca32fffff,0.4026,18,115,0.157
894898ca3a7ffff,-0.7616,7,46,0.152
894898ca52bffff,0.7905,60,221,0.271
894898ca653ffff,0.4828,50,282,0.177
894898ca6a3ffff,0.3808,10,92,0.109
894898ca6a7ffff,0.7616,5,57,0.088
894898ca813ffff,0.6962,51,226,0.226
894898ca81bffff,0.7419,50,334,0.15
894898ca84bffff,0.8042,19,105,0.181
894898ca883ffff,0.5729,7,38,0.184
894898ca887ffff,0.2539,6,42,0.143
894898ca88bffff,0.7869,7,46,0.152
894898ca8c7ffff,0.5881,39,241,0.162
894898ca8cfffff,0.7616,3,19,0.158
894898ca8d7ffff,0.0,4,27,0.148
894898caa07ffff,0.5534,36,207,0.174
894898caa0bffff,0.7616,8,77,0.104
894898caa0fffff,0.5729,37,109,0.339
894898caa3bffff,-0.6165,33,139,0.237
894898caa53ffff,0.7981,52,163,0.319
894898caa57ffff,0.0846,8,71,0.113
894898caa77ffff,0.8628,2,29,0.069
894898caa87ffff,0.8021,5,26,0.192
894898caa97ffff,0.7616,2,15,0.133
894898caac3ffff,0.6378,59,356,0.166
894898caac7ffff,0.6713,25,162,0.154
894898caacbffff,0.6762,69,409,0.169
894898caacfffff,0.6372,149,695,0.214
894898caad7ffff,0.7861,29,71,0.408
894898cac13ffff,0.7616,7,51,0.137
894898cac17ffff,0.7083,20,124,0.161
894898cac1bffff,0.7616,1,2,0.5
894898cac23ffff,0.5729,7,57,0.123
894898cac2bffff,0.8122,3,4,0.75
894898cac67ffff,0.7616,1,2,0.5
894898cac73ffff,0.2539,3,22,0.136
894898cac77ffff,0.7616,2,9,0.222
894898cac7bffff,0.7616,9,37,0.243
894898cacabffff,0.7778,25,159,0.157
894898cacbbffff,0.5077,6,32,0.188
894898caccfffff,0.7616,2,8,0.25
894898cad4bffff,0.7616,6,40,0.15
894898cad5bffff,0.7616,1,11,0.091
894898cae2bffff,0.7616,3,8,0.375
894898cae3bffff,0.7708,22,137,0.161
894898caec7ffff,0.7616,11,24,0.458
894898caed3ffff,0.7616,2,12,0.167
894898cb007ffff,0.7616,2,3,0.667
894898cb00bffff,0.6853,23,57,0.404
894898cb043ffff,0.7616,8,36,0.222
894898cb057ffff,0.7616,3,12,0.25
894898cb063ffff,0.5339,18,81,0.222
894898cb06bffff,0.595,22,107,0.206
894898cb06fffff,0.7754,62,182,0.341
894898cb077ffff,0.476,15,52,0.288
894898cb07bffff,0.7616,9,43,0.209
894898cb20bffff,0.6958,31,82,0.378
894898cb217ffff,0.7953,16,57,0.281
894898cb21bffff,0.7616,3,6,0.5
894898cb223ffff,0.7616,2,23,0.087
894898cb227ffff,0.7953,17,65,0.262
894898cb22fffff,0.6498,8,22,0.364
894898cb237ffff,0.7143,37,141,0.262
894898cb23bffff,0.713,23,143,0.161
894898cb27bffff,0.7616,6,14,0.429
894898cb2a7ffff,0.7616,1,34,0.029
894898cb2afffff,0.7616,1,7,0.143
894898cb2bbffff,0.7616,1,8,0.125
894898cb30bffff,0.0023,20,165,0.121
894898cb313ffff,0.5023,30,199,0.151
894898cb343ffff,0.6393,47,188,0.25
894898cb34bffff,0.6555,20,78,0.256
894898cb34fffff,0.5729,7,113,0.062
894898cb35bffff,0.7027,18,47,0.383
894898cb397ffff,0.1369,43,292,0.147
894898cb3c7ffff,0.7616,8,32,0.25
894898cb3dbffff,0.7825,28,127,0.22
894898cb46fffff,0.6443,9,44,0.205
894898cb5b7ffff,0.7616,2,7,0.286
894898cb61bffff,0.7616,1,6,0.167
894898cb663ffff,0.2629,11,78,0.141
894898cb697ffff,0.7403,62,266,0.233
894898cb6a3ffff,-0.964,1,11,0.091
894898cb6afffff,-0.3071,17,131,0.13
894898cb6d3ffff,0.7616,1,2,0.5
894898cb6dbffff,0.7984,11,39,0.282
894898d8033ffff,0.0,6,58,0.103
894898d806bffff,0.0,2,5,0.4
894898d8087ffff,0.6678,25,104,0.24
894898d8097ffff,0.7517,76,267,0.285
894898d80afffff,0.0,2,2,1.0
894898d80d3ffff,0.7841,17,65,0.262
894898d8197ffff,0.6635,26,73,0.356
894898d820bffff,0.683,84,283,0.297
894898d822bffff,-0.7616,1,9,0.111
894898d823bffff,0.2651,17,87,0.195
894898d8247ffff,0.176,3,6,0.5
894898d824bffff,0.6835,138,441,0.313
894898d824fffff,0.7616,3,6,0.5
894898d8257ffff,0.5838,51,184,0.277
894898d825bffff,0.66,11,55,0.2
894898d8273ffff,0.2321,14,62,0.226
894898d8277ffff,0.3667,25,148,0.169
894898d82abffff,0.7953,12,60,0.2
894898d82b3ffff,0.8628,2,10,0.2
894898d82b7ffff,0.4456,9,29,0.31
894898d82c7ffff,0.5077,6,21,0.286
894898d82cbffff,0.8628,4,9,0.444
894898d82cfffff,0.2968,25,114,0.219
894898d82dbffff,-0.7616,1,10,0.1
894898d8303ffff,-0.0621,17,84,0.202
894898d8313ffff,0.5077,5,14,0.357
894898d834fffff,0.7616,1,1,1.0
894898d836bffff,0.3046,8,51,0.157
894898d8397ffff,0.4151,17,76,0.224
894898d83c3ffff,0.7616,17,71,0.239
894898d83c7ffff,0.7456,32,131,0.244
894898d8413ffff,0.7456,31,124,0.25
894898d8417ffff,0.5896,103,282,0.365
894898d842bffff,0.7108,20,99,0.202
894898d8467ffff,0.1305,25,124,0.202
894898d846bffff,0.6979,217,804,0.27
894898d8477ffff,0.5031,9,43,0.209
894898d847bffff,0.7409,47,146,0.322
894898d8497ffff,0.3842,6,18,0.333
894898d84b3ffff,0.7616,2,5,0.4
894898d84c3ffff,0.6962,14,41,0.341
894898d852bffff,0.7616,2,11,0.182
894898d852fffff,-0.1096,16,88,0.182
894898d8543ffff,0.7107,34,105,0.324
894898d854bffff,0.7562,67,178,0.376
894898d854fffff,0.8291,3,8,0.375
894898d8567ffff,0.7616,1,8,0.125
894898d858bffff,0.7297,15,61,0.246
894898d85c7ffff,0.7953,6,28,0.214
894898d8617ffff,-0.1904,6,57,0.105
894898d861bffff,0.7616,1,4,0.25
894898d86a3ffff,0.7869,29,66,0.439
894898d86b7ffff,0.7942,85,194,0.438
894898d86bbffff,0.5215,9,33,0.273
894898d8c47ffff,0.7525,178,654,0.272
894898d8c8bffff,-0.7616,1,11,0.091
894898d8c97ffff,0.5307,39,164,0.238
894898d8ca3ffff,0.8021,5,23,0.217
894898d8cabffff,0.7869,22,44,0.5
894898d8cb3ffff,0.7633,52,178,0.292
894898d8cc3ffff,0.6248,197,754,0.261
894898d8ccfffff,0.7051,34,142,0.239
894898d8cd7ffff,0.4917,32,166,0.193
894898d8ddbffff,0.7616,1,4,0.25
894898d9007ffff,0.7616,1,9,0.111
894898d900fffff,0.964,1,3,0.333
894898d901bffff,0.7616,3,7,0.429
894898d902fffff,0.5669,33,288,0.115
894898d9033ffff,0.7616,1,3,0.333
894898d9043ffff,0.7616,2,11,0.182
894898d9047ffff,0.4847,10,50,0.2
894898d904fffff,0.6843,44,149,0.295
894898d9053ffff,0.7616,4,18,0.222
894898d9057ffff,0.7616,5,13,0.385
894898d905bffff,0.7869,7,53,0.132
894898d9063ffff,0.8291,3,10,0.3
894898d9067ffff,0.8628,2,13,0.154
894898d9077ffff,0.7841,8,80,0.1
894898d907bffff,0.964,1,5,0.2
894898d9103ffff,0.2324,15,70,0.214
894898d9107ffff,0.7616,1,4,0.25
894898d9117ffff,0.3646,9,53,0.17
894898d9123ffff,0.4968,26,139,0.187
894898d912bffff,0.8426,5,18,0.278
894898d9137ffff,0.7905,7,52,0.135
894898d9143ffff,0.6444,12,42,0.286
894898d9147ffff,0.7108,20,61,0.328
894898d914fffff,-0.3742,22,86,0.256
894898d9153ffff,0.7616,2,4,0.5
894898d9157ffff,0.3278,20,84,0.238
894898d9163ffff,0.457,4,20,0.2
894898d9167ffff,0.7616,1,3,0.333
894898d916fffff,0.0,1,7,0.143
894898d9177ffff,-0.2539,1,5,0.2
894898d9183ffff,0.7616,11,41,0.268
894898d9193ffff,0.5853,85,354,0.24
894898d9197ffff,0.7338,41,128,0.32
894898d91abffff,0.6018,7,67,0.104
894898d91b7ffff,0.5415,10,55,0.182
894898d91bbffff,0.8156,15,43,0.349
894898d9203ffff,0.66,22,122,0.18
894898d920bffff,0.5924,9,48,0.188
894898d920fffff,0.7285,44,147,0.299
894898d9223ffff,0.7616,3,45,0.067
894898d9227ffff,0.3264,37,182,0.203
894898d922bffff,0.5831,30,104,0.288
894898d924fffff,0.7616,7,41,0.171
894898d9257ffff,0.5031,10,73,0.137
894898d927bffff,0.8021,4,49,0.082
894898d9283ffff,0.7616,2,19,0.105
894898d9287ffff,0.7616,10,31,0.323
894898d928fffff,0.8291,9,34,0.265
894898d9293ffff,0.7869,6,33,0.182
894898d9297ffff,0.7616,1,13,0.077
894898d92a3ffff,0.3241,12,42,0.286
894898d92b3ffff,0.6444,13,58,0.224
894898d92b7ffff,0.7362,34,207,0.164
894898d932fffff,0.7616,6,49,0.122
894898d935bffff,0.6945,52,270,0.193
894898d9383ffff,0.0331,38,204,0.186
894898d938fffff,0.1678,82,499,0.164
894898d939bffff,0.6373,8,25,0.32
894898d93cbffff,0.7616,2,7,0.286
894898d9443ffff,0.6093,9,52,0.173
894898d944bffff,0.7329,37,303,0.122
894898d947bffff,0.0,2,7,0.286
894898d94a3ffff,0.3808,9,54,0.167
894898d94abffff,-0.7616,1,14,0.071
894898d94b3ffff,0.6358,20,97,0.206
894898d94bbffff,0.7996,15,74,0.203
894898d94c3ffff,0.5541,20,81,0.247
894898d9503ffff,0.6268,47,165,0.285
894898d952bffff,0.6067,56,170,0.329
894898d953bffff,-0.4165,5,44,0.114
894898d9543ffff,0.0,2,19,0.105
894898d9547ffff,0.7616,1,11,0.091
894898d9557ffff,0.544,7,56,0.125
894898d9567ffff,-0.703,26,167,0.156
894898d957bffff,0.7042,23,166,0.139
894898d9603ffff,0.4795,21,106,0.198
894898d9607ffff,0.725,25,141,0.177
894898d960bffff,0.6815,51,221,0.231
894898d960fffff,0.7616,1,5,0.2
894898d961bffff,0.7616,1,3,0.333
894898d9623ffff,0.7091,25,91,0.275
894898d962bffff,0.73,26,108,0.241
894898d962fffff,0.7616,1,8,0.125
894898d9633ffff,0.7616,3,33,0.091
894898d963bffff,0.0,2,29,0.069
894898d9643ffff,0.6822,53,247,0.215
894898d9647ffff,0.6231,11,55,0.2
894898d964bffff,-0.1399,13,70,0.186
894898d964fffff,0.6467,22,134,0.164
894898d9657ffff,0.7616,2,4,0.5
894898d965bffff,0.6801,94,406,0.232
894898d9663ffff,0.7616,2,9,0.222
894898d966bffff,0.427,16,73,0.219
894898d9677ffff,0.5824,17,81,0.21
894898d968bffff,0.7616,1,7,0.143
894898d96abffff,0.5415,12,100,0.12
894898d96bbffff,0.7616,1,3,0.333
894898d96c7ffff,0.7616,1,7,0.143
894898d96cfffff,0.2929,12,78,0.154
894898d995bffff,-0.457,13,88,0.148
894898d9c07ffff,0.6428,56,225,0.249
894898d9c13ffff,0.8021,5,39,0.128
894898d9c53ffff,0.7412,30,81,0.37
894898d9c83ffff,-0.4381,21,123,0.171
894898d9c87ffff,0.7003,76,297,0.256
894898d9ca3ffff,0.7616,1,1,1.0
894898d9cabffff,0.9069,2,7,0.286
894898d9cc7ffff,0.8122,3,8,0.375
894898d9ccbffff,0.7616,3,16,0.188
894898d9ccfffff,0.7616,2,3,0.667
894898d9cd7ffff,0.552,39,133,0.293
894898d9d8bffff,0.7996,31,128,0.242
894898d9e0fffff,-0.2077,10,76,0.132
894898d9e93ffff,0.7616,1,6,0.167
894898d9ea7ffff,0.6148,8,58,0.138
894898da013ffff,0.8628,2,17,0.118
894898da063ffff,0.823,17,109,0.156
894898da073ffff,0.7616,3,19,0.158
894898da0cbffff,0.2876,6,35,0.171
894898da0cfffff,0.6378,60,351,0.171
894898da16bffff,0.7616,7,55,0.127
894898da22bffff,0.7616,3,25,0.12
894898da247ffff,0.6528,11,37,0.297
894898da26fffff,0.3779,38,146,0.26
894898da2a3ffff,0.5907,19,99,0.192
894898da2cfffff,0.6415,10,49,0.204
894898da2d3ffff,0.7353,139,348,0.399
894898da31bffff,0.0995,25,135,0.185
894898da32bffff,0.3553,7,32,0.219
894898da34fffff,0.2333,4,11,0.364
894898da357ffff,0.4231,8,40,0.2
894898da36fffff,0.6877,31,79,0.392
894898da3bbffff,0.7616,1,9,0.111
894898da443ffff,0.7616,1,5,0.2
894898da47bffff,0.7984,10,44,0.227
894898da4cfffff,0.7875,38,122,0.311
894898da52fffff,0.7616,1,5,0.2
894898da6b7ffff,0.0,4,26,0.154
894898da80fffff,0.1453,26,177,0.147
894898da843ffff,0.7616,2,4,0.5
894898da84bffff,0.0,2,18,0.111
894898da84fffff,0.7616,10,19,0.526
894898da853ffff,-0.3808,3,10,0.3
894898da86bffff,0.6575,36,138,0.261
894898da86fffff,-0.7616,1,14,0.071
894898da8abffff,0.6451,62,316,0.196
894898da8cbffff,0.0506,3,17,0.176
894898daa3bffff,0.1428,56,383,0.146
894898daa53ffff,0.7616,1,2,0.5
894898daa67ffff,0.0506,4,34,0.118
894898daa6bffff,0.6223,26,139,0.187
894898daa9bffff,0.6298,22,102,0.216
894898daaa7ffff,0.7742,14,47,0.298
894898daac3ffff,0.718,35,135,0.259
894898daac7ffff,0.4231,9,49,0.184
894898daad3ffff,0.7481,73,257,0.284
894898daadbffff,0.7616,1,1,1.0
894898dab23ffff,0.7452,46,223,0.206
894898dab33ffff,0.6973,46,183,0.251
894898dab4bffff,0.6999,163,430,0.379
894898dab63ffff,0.3213,3,17,0.176
894898dab7bffff,0.7466,29,93,0.312
894898dab83ffff,0.7616,1,6,0.167
894898dabbbffff,-0.1977,23,139,0.165
894898dabc3ffff,0.7616,1,3,0.333
894898dabd7ffff,0.8291,3,20,0.15
894898dabdbffff,0.0846,7,53,0.132
894898dae27ffff,0.7616,1,5,0.2
894898dae2bffff,0.1904,6,17,0.353
894898dae37ffff,0.8628,2,8,0.25
894898dae73ffff,0.3826,28,172,0.163
894898dae77ffff,0.8291,3,14,0.214
894898dae8fffff,0.7818,10,55,0.182
894898dae97ffff,0.6475,74,454,0.163
894898db167ffff,0.7616,1,1,1.0
894898db1b7ffff,0.457,4,18,0.222
894898db247ffff,0.7616,1,3,0.333
894898db24bffff,0.8628,2,4,0.5
894898db24fffff,0.7953,10,36,0.278
894898db287ffff,0.7616,2,11,0.182
894898db34fffff,0.7869,7,47,0.149
894898db3a3ffff,0.6956,39,203,0.192
89489e20103ffff,0.7717,19,111,0.171
89489e2010fffff,0.7818,8,51,0.157
89489e20113ffff,0.2321,13,134,0.097
89489e2011bffff,0.457,9,40,0.225
89489e2012bffff,0.8122,4,11,0.364
89489e2013bffff,0.8168,10,19,0.526
89489e20157ffff,0.7616,1,3,0.333
89489e20173ffff,0.9951,1,7,0.143
89489e20187ffff,0.7616,2,4,0.5
89489e2018bffff,0.77,18,45,0.4
89489e2018fffff,-0.7616,1,2,0.5
89489e201abffff,0.8052,7,20,0.35
89489e201bbffff,0.7616,1,5,0.2
89489e201c7ffff,0.1523,5,61,0.082
89489e20903ffff,0.7792,41,211,0.194
89489e2090bffff,0.7363,26,122,0.213
89489e2090fffff,0.457,4,25,0.16
89489e2091bffff,0.5712,7,55,0.127
89489e209c3ffff,0.4213,14,98,0.143
89489e209d3ffff,0.7953,5,46,0.109
89489e209d7ffff,0.4705,14,83,0.169
89489e20c7bffff,-0.8628,1,1,1.0
89489e20c87ffff,0.7616,3,27,0.111
89489e20c8fffff,0.7616,2,20,0.1
89489e20c97ffff,0.7717,20,83,0.241
89489e20ca7ffff,0.3808,8,70,0.114
89489e20cb7ffff,0.7616,1,2,0.5
89489e20cbbffff,0.5077,6,71,0.085
89489e20d03ffff,0.7616,1,14,0.071
89489e20d07ffff,0.7616,2,14,0.143
89489e20d0bffff,0.7616,1,4,0.25
89489e20d13ffff,0.7953,6,42,0.143
89489e20d1bffff,0.7616,2,2,1.0
89489e20d27ffff,0.4497,11,47,0.234
89489e20d2bffff,0.3046,9,43,0.209
89489e20d2fffff,0.6673,14,54,0.259
89489e20d33ffff,0.5548,54,238,0.227
89489e20d37ffff,0.7616,6,19,0.316
89489e20d3bffff,0.6443,115,803,0.143
89489e20d6bffff,0.7616,5,14,0.357
89489e20d6fffff,0.7927,11,40,0.275
89489e20d77ffff,0.8291,3,54,0.056
89489e20d8bffff,0.7616,1,3,0.333
89489e20d8fffff,0.5615,30,144,0.208
89489e20d97ffff,0.5826,17,62,0.274
89489e20d9bffff,-0.7616,1,2,0.5
89489e20da3ffff,0.5717,22,135,0.163
89489e20dabffff,0.3302,3,10,0.3
89489e20dafffff,0.3808,8,27,0.296
89489e20db3ffff,0.5178,32,210,0.152
89489e20db7ffff,0.7066,24,140,0.171
89489e20dbbffff,0.2876,10,107,0.093
89489e20dc3ffff,0.7761,13,42,0.31
89489e20dc7ffff,0.7616,3,12,0.25
89489e20dcfffff,0.7616,3,13,0.231
89489e20dd3ffff,0.4705,15,76,0.197
89489e20dd7ffff,0.5331,41,156,0.263
89489e22003ffff,0.4365,178,1517,0.117
89489e2200bffff,0.8021,13,154,0.084
89489e22013ffff,0.6839,16,104,0.154
89489e22017ffff,0.7616,1,11,0.091
89489e22087ffff,0.2539,4,22,0.182
89489e2208fffff,0.7616,7,45,0.156
89489e22097ffff,0.7616,4,17,0.235
89489e220a3ffff,0.6018,6,32,0.188
89489e220a7ffff,0.6897,60,387,0.155
89489e220afffff,0.7735,16,106,0.151
89489e220b3ffff,0.6332,19,79,0.241
89489e220bbffff,-0.1012,2,13,0.154
89489e220d3ffff,0.476,14,48,0.292
89489e220d7ffff,0.964,1,8,0.125
89489e22103ffff,0.2539,3,28,0.107
89489e2210bffff,0.7616,12,132,0.091
89489e2210fffff,0.0,4,42,0.095
89489e22113ffff,0.6814,19,99,0.192
89489e2211bffff,0.0,1,9,0.111
89489e22167ffff,0.457,10,29,0.345
89489e22173ffff,-0.1813,21,134,0.157
89489e2218bffff,0.4231,9,82,0.11
89489e22193ffff,0.3419,29,235,0.123
89489e2219bffff,0.5376,38,232,0.164
89489e221c7ffff,0.679,15,95,0.158
89489e221cfffff,0.7616,1,8,0.125
89489e221d7ffff,0.6231,11,78,0.141
89489e221dbffff,0.3693,26,203,0.128
89489e22307ffff,0.7616,1,13,0.077
89489e2238fffff,0.8628,2,17,0.118
89489e2239bffff,0.1928,5,48,0.104
89489e223a3ffff,0.6218,8,48,0.167
89489e223abffff,0.6347,10,39,0.256
89489e223bbffff,0.5341,22,76,0.289
89489e22563ffff,0.7616,1,9,0.111
89489e22567ffff,0.7616,2,12,0.167
89489e2265bffff,0.7616,1,4,0.25
89489e2284fffff,0.4666,58,303,0.191
89489e2285bffff,0.7742,15,49,0.306
89489e22893ffff,-0.3224,2,21,0.095
89489e22907ffff,0.7742,15,46,0.326
89489e2290fffff,0.7616,1,15,0.067
89489e22927ffff,0.4886,14,128,0.109
89489e2292fffff,0.7616,2,18,0.111
89489e22937ffff,0.7616,1,29,0.034
89489e22963ffff,0.5428,13,110,0.118
89489e22967ffff,0.3184,30,283,0.106
89489e2296fffff,0.8291,3,10,0.3
89489e22977ffff,0.3264,20,225,0.089
89489e2297bffff,0.5965,8,46,0.174
89489e22987ffff,0.5815,116,642,0.181
89489e2298fffff,0.3808,4,10,0.4
89489e229a7ffff,0.4741,15,124,0.121
89489e229b3ffff,0.6814,17,121,0.14
89489e229b7ffff,0.4009,28,248,0.113
89489e229bbffff,0.6582,49,182,0.269
89489e22a27ffff,0.3264,7,67,0.104
89489e22a2fffff,0.7616,2,9,0.222
89489e22a87ffff,0.7616,8,45,0.178
89489e22a97ffff,0.6924,21,114,0.184
89489e22ab3ffff,0.134,39,190,0.205
89489e22abbffff,0.3481,27,220,0.123
89489e22b03ffff,0.7616,5,23,0.217
89489e22b07ffff,0.6839,17,173,0.098
89489e22b0fffff,0.7616,1,10,0.1
89489e22b13ffff,0.7616,5,42,0.119
89489e22b17ffff,0.7616,2,9,0.222
89489e22b2fffff,0.3487,45,306,0.147
89489e22b33ffff,0.6684,11,42,0.262
89489e22b3bffff,0.4231,8,43,0.186
89489e22b43ffff,0.8021,9,60,0.15
89489e22b4bffff,0.7616,4,51,0.078
89489e22b4fffff,0.7616,5,53,0.094
89489e22b53ffff,0.5585,14,78,0.179
89489e22b57ffff,0.7616,5,50,0.1
89489e22b63ffff,0.7616,1,13,0.077
89489e22ba3ffff,0.2318,21,120,0.175
89489e22ba7ffff,0.8628,2,9,0.222
89489e22babffff,0.6673,27,122,0.221
89489e22bb7ffff,0.6769,40,239,0.167
89489e22c07ffff,0.0,4,34,0.118
89489e22c0fffff,0.427,16,124,0.129
89489e22c17ffff,-0.7616,1,7,0.143
89489e22c23ffff,0.6293,42,262,0.16
89489e22c27ffff,0.4772,7,56,0.125
89489e22c2bffff,0.574,12,86,0.14
89489e22c2fffff,0.7616,1,5,0.2
89489e22c33ffff,-0.0337,5,13,0.385
89489e22c37ffff,0.715,122,570,0.214
89489e22c3bffff,0.5924,18,114,0.158
89489e22c43ffff,0.2539,3,26,0.115
89489e22c47ffff,0.3278,17,170,0.1
89489e22c4bffff,0.2176,12,81,0.148
89489e22c4fffff,0.1901,31,276,0.112
89489e22c53ffff,0.8122,4,27,0.148
89489e22c5bffff,0.4424,26,164,0.159
89489e22c7bffff,0.7616,1,6,0.167
89489e22c87ffff,0.6704,39,270,0.144
89489e22c8fffff,0.5376,38,177,0.215
89489e22c97ffff,0.7616,3,17,0.176
89489e22ca3ffff,0.7108,19,83,0.229
89489e22ca7ffff,0.3068,22,147,0.15
89489e22cabffff,0.7984,10,44,0.227
89489e22cafffff,0.8168,10,94,0.106
89489e22cb3ffff,0.5864,37,220,0.168
89489e22cb7ffff,0.7841,9,76,0.118
89489e22cbbffff,0.5236,61,583,0.105
89489e22cc7ffff,0.8291,3,33,0.091
89489e22d03ffff,0.6347,11,41,0.268
89489e22d0bffff,0.733,31,207,0.15
89489e22d0fffff,0.6347,11,42,0.262
89489e22d1bffff,0.6279,37,260,0.142
89489e22d23ffff,0.292,65,636,0.102
89489e22d27ffff,0.6194,34,240,0.142
89489e22d33ffff,-0.1233,14,152,0.092
89489e22d37ffff,0.5052,29,226,0.128
89489e22d47ffff,0.649,165,954,0.173
89489e22d53ffff,0.0635,21,211,0.1
89489e22d57ffff,0.5893,23,123,0.187
89489e22d5bffff,0.6014,25,168,0.149
89489e22d73ffff,0.8426,5,23,0.217
89489e22d83ffff,0.6295,10,116,0.086
89489e22d8bffff,0.1692,16,166,0.096
89489e22d8fffff,0.1523,14,135,0.104
89489e22d93ffff,0.5858,25,118,0.212
89489e22d97ffff,0.441,31,193,0.161
89489e22d9bffff,0.2729,32,379,0.084
89489e22dafffff,0.5585,40,360,0.111
89489e22dc3ffff,0.6148,9,94,0.096
89489e22dc7ffff,0.5242,142,1224,0.116
89489e22dcbffff,0.4314,4,8,0.5
89489e22dcfffff,0.4953,73,507,0.144
89489e22dd3ffff,0.7953,6,31,0.194
89489e22dd7ffff,0.0876,10,146,0.068
89489e22ddbffff,0.7616,2,14,0.143
89489e22e23ffff,0.3808,4,22,0.182
89489e22e2fffff,0.7712,21,175,0.12
89489e22e93ffff,0.8291,3,18,0.167
89489e234afffff,0.7616,1,3,0.333
89489e234b7ffff,0.2201,4,20,0.2
89489e23523ffff,0.7616,2,21,0.095
89489e2352bffff,0.5826,20,99,0.202
89489e2352fffff,0.7616,1,1,1.0
89489e23593ffff,0.7616,5,23,0.217
89489e24003ffff,0.589,9,36,0.25
89489e24007ffff,0.2753,22,248,0.089
89489e24017ffff,0.7616,3,17,0.176
89489e24023ffff,-0.0436,9,51,0.176
89489e24027ffff,0.6727,30,150,0.2
89489e24033ffff,0.5337,41,215,0.191
89489e24037ffff,0.2904,24,195,0.123
89489e2403bffff,0.1726,27,164,0.165
89489e24057ffff,0.6624,41,220,0.186
89489e24083ffff,0.8628,2,4,0.5
89489e2408bffff,0.0,2,16,0.125
89489e2408fffff,0.7905,7,31,0.226
89489e240a3ffff,0.4899,110,872,0.126
89489e240a7ffff,0.7616,4,33,0.121
89489e240abffff,0.7616,2,11,0.182
89489e240bbffff,0.7616,3,19,0.158
89489e2410bffff,0.3808,4,41,0.098
89489e2410fffff,0.7266,25,146,0.171
89489e24123ffff,0.7616,1,8,0.125
89489e24133ffff,0.7616,2,10,0.2
89489e24137ffff,-0.1692,15,99,0.152
89489e24143ffff,0.8291,3,17,0.176
89489e24147ffff,0.5965,8,73,0.11
89489e2414fffff,0.457,10,43,0.233
89489e24157ffff,0.5712,8,67,0.119
89489e24163ffff,0.7841,8,48,0.167
89489e24183ffff,0.6326,10,52,0.192
89489e2418bffff,0.7841,8,59,0.136
89489e24193ffff,0.6673,14,90,0.156
89489e2419bffff,0.6756,13,63,0.206
89489e241a3ffff,0.3553,13,71,0.183
89489e241a7ffff,0.6498,10,58,0.172
89489e241abffff,0.2539,2,54,0.037
89489e241b3ffff,-0.2539,2,22,0.091
89489e241b7ffff,0.6347,11,61,0.18
89489e241c3ffff,0.687,15,72,0.208
89489e241c7ffff,0.6691,20,139,0.144
89489e241cfffff,0.0401,17,89,0.191
89489e241d3ffff,0.7841,26,62,0.419
89489e241d7ffff,0.6062,16,75,0.213
89489e241dbffff,0.7616,2,12,0.167
89489e2441bffff,0.6396,19,116,0.164
89489e2442fffff,0.3789,15,52,0.288
89489e24433ffff,0.4909,10,39,0.256
89489e24443ffff,0.7616,4,11,0.364
89489e24447ffff,0.1119,54,342,0.158
89489e2444bffff,0.5424,13,64,0.203
89489e24457ffff,0.2314,6,51,0.118
89489e2445bffff,0.5965,8,45,0.178
89489e2446bffff,0.7616,1,1,1.0
89489e2448fffff,0.7616,3,20,0.15
89489e244afffff,-0.1523,8,70,0.114
89489e244cbffff,0.6498,9,51,0.176
89489e244cfffff,0.7616,1,5,0.2
89489e24503ffff,-0.7616,1,5,0.2
89489e24507ffff,0.3553,7,46,0.152
89489e2450fffff,0.7616,2,16,0.125
89489e24513ffff,0.7742,16,69,0.232
89489e24517ffff,-0.457,3,56,0.054
89489e2451bffff,0.544,13,79,0.165
89489e2452bffff,0.6635,28,242,0.116
89489e24567ffff,0.7616,2,12,0.167
89489e2456fffff,0.7616,5,49,0.102
89489e24587ffff,0.7616,3,67,0.045
89489e2459bffff,0.5924,9,33,0.273
89489e245a3ffff,0.0,2,19,0.105
89489e245abffff,0.7616,9,33,0.273
89489e245afffff,0.7869,8,72,0.111
89489e245c7ffff,0.7616,1,1,1.0
89489e245cfffff,0.544,6,25,0.24
89489e245d3ffff,0.5699,8,38,0.211
89489e245d7ffff,0.4974,5,18,0.278
89489e2460bffff,-0.1118,4,11,0.364
89489e2464bffff,0.7616,3,25,0.12
89489e24663ffff,0.5273,13,63,0.206
89489e2467bffff,0.2539,3,33,0.091
89489e24687ffff,0.3302,3,23,0.13
89489e2468bffff,0.3462,11,98,0.112
89489e2468fffff,0.7616,1,18,0.056
89489e24693ffff,0.7953,6,22,0.273
89489e2469bffff,0.8628,2,20,0.1
89489e246a3ffff,0.0,2,14,0.143
89489e246afffff,0.7616,3,7,0.429
89489e246b3ffff,0.7616,2,18,0.111
89489e246bbffff,0.6623,123,627,0.196
89489e246d3ffff,0.4939,19,171,0.111
89489e246d7ffff,0.8291,3,20,0.15
89489e24843ffff,-0.1071,5,13,0.385
89489e24847ffff,0.7953,6,29,0.207
89489e24897ffff,0.7616,22,126,0.175
89489e248abffff,0.544,6,27,0.222
89489e248afffff,0.7616,2,19,0.105
89489e248b3ffff,0.7616,1,25,0.04
89489e248b7ffff,0.964,1,5,0.2
89489e248bbffff,0.7869,8,55,0.145
89489e24a07ffff,0.7616,1,1,1.0
89489e24c0bffff,0.733,30,155,0.194
89489e24c13ffff,0.66,15,83,0.181
89489e24c17ffff,0.7616,1,5,0.2
89489e24c2fffff,0.6481,43,281,0.153
89489e24c47ffff,0.7428,34,177,0.192
89489e24c53ffff,0.3462,11,88,0.125
89489e24c57ffff,0.964,1,6,0.167
89489e24c73ffff,0.7616,2,26,0.077
89489e24c83ffff,-0.964,1,13,0.077
89489e24c8bffff,0.6531,146,860,0.17
89489e24c93ffff,0.0,2,16,0.125
89489e24c9bffff,0.7809,21,189,0.111
89489e24ccbffff,-0.1422,17,95,0.179
89489e24e27ffff,0.7616,2,15,0.133
89489e24e83ffff,-0.2539,2,12,0.167
89489e24e93ffff,0.7616,5,18,0.278
89489e24e97ffff,0.7616,5,27,0.185
89489e24ea3ffff,0.7616,3,49,0.061
89489e25007ffff,0.7616,1,7,0.143
89489e2500fffff,0.3264,13,74,0.176
89489e25023ffff,0.3639,11,42,0.262
89489e25027ffff,0.5984,27,188,0.144
89489e25033ffff,0.6231,11,114,0.096
89489e25037ffff,0.7616,11,75,0.147
89489e25087ffff,0.6014,22,108,0.204
89489e2508fffff,0.7616,4,22,0.182
89489e25097ffff,0.7616,1,2,0.5
89489e250a7ffff,-0.1405,23,136,0.169
89489e250abffff,0.7746,18,105,0.171
89489e250afffff,0.5269,27,157,0.172
89489e250b3ffff,0.4622,18,119,0.151
89489e250b7ffff,0.5943,16,71,0.225
89489e250bbffff,0.8122,4,27,0.148
89489e2511bffff,0.7243,28,151,0.185
89489e25123ffff,0.7342,24,200,0.12
89489e2512fffff,0.7616,7,45,0.156
89489e25133ffff,0.3002,12,68,0.176
89489e25147ffff,0.0,1,10,0.1
89489e2514fffff,0.7869,6,31,0.194
89489e25157ffff,0.7616,10,52,0.192
89489e25173ffff,0.5924,32,165,0.194
89489e2517bffff,0.7573,24,77,0.312
89489e251cfffff,0.5199,28,297,0.094
89489e251d3ffff,0.3302,3,24,0.125
89489e251d7ffff,0.7616,2,10,0.2
89489e251dbffff,0.78,11,88,0.125
89489e253a3ffff,0.0,4,40,0.1
89489e253a7ffff,0.6218,8,28,0.286
89489e253b7ffff,0.6119,17,99,0.172
89489e25433ffff,0.8021,5,24,0.208
89489e25437ffff,0.5077,6,52,0.115
89489e2545bffff,0.457,5,16,0.312
89489e25467ffff,0.7984,11,87,0.126
89489e25487ffff,0.8194,7,30,0.233
89489e25497ffff,0.7869,7,13,0.538
89489e254a3ffff,0.5246,12,60,0.2
89489e254a7ffff,0.6981,23,153,0.15
89489e254b3ffff,0.2539,3,42,0.071
89489e254b7ffff,0.6931,47,145,0.324
89489e25503ffff,0.3977,12,147,0.082
89489e25513ffff,0.7616,2,5,0.4
89489e25517ffff,0.4006,9,97,0.093
89489e2552bffff,0.7616,6,53,0.113
89489e25537ffff,0.7616,2,8,0.25
89489e2554fffff,0.6515,12,48,0.25
89489e2556bffff,0.6797,123,759,0.162
89489e2556fffff,0.7996,16,125,0.128
89489e2558fffff,0.7616,14,72,0.194
89489e25593ffff,0.7616,1,4,0.25
89489e2559bffff,0.474,12,105,0.114
89489e255bbffff,-0.1071,8,31,0.258
89489e255c3ffff,0.7818,19,96,0.198
89489e255d3ffff,0.7785,12,43,0.279
89489e255d7ffff,0.7616,1,8,0.125
89489e255dbffff,0.6664,15,97,0.155
89489e25927ffff,0.7616,2,7,0.286
89489e259a3ffff,0.293,18,83,0.217
89489e259a7ffff,0.3808,4,26,0.154
89489e259abffff,0.7818,10,58,0.172
89489e259b3ffff,0.5353,102,438,0.233
89489e25d0bffff,0.3808,4,26,0.154
89489e25d17ffff,0.7616,6,24,0.25
89489e25d23ffff,0.7616,10,106,0.094
89489e25d43ffff,-0.0337,6,43,0.14
89489e25e1bffff,0.7616,1,1,1.0
89489e25e9bffff,0.6657,18,76,0.237
89489e25ed3ffff,-0.7616,1,11,0.091
89489e2604fffff,0.7616,2,3,0.667
89489e26057ffff,0.2539,3,13,0.231
89489e26207ffff,0.7953,6,34,0.176
89489e26213ffff,0.2157,5,36,0.139
89489e26233ffff,0.7616,1,6,0.167
89489e26243ffff,-0.2539,2,27,0.074
89489e2625bffff,0.7616,1,4,0.25
89489e26267ffff,0.7616,4,16,0.25
89489e26287ffff,0.5631,22,94,0.234
89489e2628bffff,0.8628,3,4,0.75
89489e2628fffff,0.8021,5,6,0.833
89489e26297ffff,0.7927,12,41,0.293
89489e2629bffff,0.6921,18,64,0.281
89489e262a7ffff,0.3213,2,10,0.2
89489e262bbffff,0.7616,2,5,0.4
89489e262c7ffff,0.7616,4,10,0.4
89489e2631bffff,0.4497,68,618,0.11
89489e2633bffff,0.4314,4,36,0.111
89489e2634bffff,0.5117,13,69,0.188
89489e26363ffff,0.7616,2,16,0.125
89489e2636bffff,0.7616,3,11,0.273
89489e263c7ffff,0.457,3,28,0.107
89489e263cfffff,0.6599,10,31,0.323
89489e26407ffff,0.2539,6,49,0.122
89489e2644bffff,0.7616,2,10,0.2
89489e26457ffff,0.457,4,21,0.19
89489e2646fffff,0.5077,5,14,0.357
89489e2647bffff,0.6498,8,33,0.242
89489e264a7ffff,0.7616,1,7,0.143
89489e2651bffff,0.3934,26,150,0.173
89489e26553ffff,0.8291,2,3,0.667
89489e26557ffff,0.8628,2,2,1.0
89489e26567ffff,-0.3808,7,17,0.412
89489e265c3ffff,0.4965,14,121,0.116
89489e265d3ffff,0.7005,14,149,0.094
89489e265d7ffff,0.2031,14,163,0.086
89489e265dbffff,0.7616,3,26,0.115
89489e2660bffff,0.7616,1,3,0.333
89489e26613ffff,0.7616,2,8,0.25
89489e26627ffff,0.7616,1,5,0.2
89489e2662bffff,0.7616,4,16,0.25
89489e26633ffff,0.5211,16,44,0.364
89489e26637ffff,0.2386,17,47,0.362
89489e26657ffff,0.6684,11,45,0.244
89489e2666bffff,0.7616,2,8,0.25
89489e2667bffff,0.7675,34,152,0.224
89489e26697ffff,0.7616,1,11,0.091
89489e266afffff,0.964,1,4,0.25
89489e266c7ffff,0.7616,1,4,0.25
89489e266cfffff,0.7616,1,9,0.111
89489e26813ffff,0.7616,2,2,1.0
89489e2684bffff,-0.7616,1,6,0.167
89489e2686fffff,0.7818,10,42,0.238
89489e26887ffff,0.8628,2,15,0.133
89489e268cfffff,0.6218,8,23,0.348
89489e268dbffff,0.6415,19,52,0.365
89489e2694bffff,0.7616,2,5,0.4
89489e269dbffff,0.66,12,64,0.188
89489e26a03ffff,-0.7616,1,10,0.1
89489e26a33ffff,0.65,65,262,0.248
89489e26a37ffff,0.7616,1,4,0.25
89489e26a43ffff,0.457,5,70,0.071
89489e26a4fffff,0.686,76,445,0.171
89489e26a5bffff,0.7844,26,97,0.268
89489e26a63ffff,0.7616,7,22,0.318
89489e26a67ffff,0.0964,15,146,0.103
89489e26a6bffff,0.6814,17,84,0.202
89489e26a6fffff,0.6721,57,340,0.168
89489e26a7bffff,0.9222,4,13,0.308
89489e26acbffff,0.7616,5,40,0.125
89489e26ad3ffff,0.7616,1,18,0.056
89489e26adbffff,0.7616,5,63,0.079
89489e26b03ffff,0.4041,22,138,0.159
89489e26b17ffff,0.7066,23,124,0.185
89489e26b43ffff,0.5965,8,133,0.06
89489e26b53ffff,0.5077,6,47,0.128
89489e26b57ffff,0.3646,22,117,0.188
89489e26b8fffff,0.7616,6,35,0.171
89489e26bcbffff,0.7616,1,19,0.053
89489e26d47ffff,0.457,4,28,0.143
89489e26d4fffff,0.8122,8,41,0.195
89489e26d73ffff,0.7616,4,11,0.364
89489e26d77ffff,0.0,2,3,0.667
89489e26d7bffff,0.7616,2,5,0.4
89489e26e43ffff,0.7186,65,232,0.28
89489e26e47ffff,0.7616,1,4,0.25
89489e26eafffff,0.7616,9,28,0.321
89489e26ecfffff,0.7616,2,20,0.1
89489e27003ffff,0.7169,25,172,0.145
89489e27007ffff,0.3622,27,212,0.127
89489e2700bffff,0.5976,19,123,0.154
89489e2700fffff,0.6962,14,104,0.135
89489e27013ffff,0.0959,17,101,0.168
89489e2701bffff,0.5077,6,34,0.176
89489e2702bffff,0.4231,6,25,0.24
89489e27043ffff,0.6835,38,189,0.201
89489e2704bffff,0.7616,1,11,0.091
89489e2705bffff,0.6121,26,143,0.182
89489e27067ffff,0.3703,30,216,0.139
89489e2706bffff,0.8223,10,40,0.25
89489e2706fffff,0.4729,18,113,0.159
89489e27077ffff,0.6231,11,66,0.167
89489e2707bffff,0.8426,5,20,0.25
89489e27083ffff,0.6467,23,132,0.174
89489e27087ffff,0.2539,3,24,0.125
89489e2708bffff,0.5838,16,61,0.262
89489e2708fffff,0.687,13,54,0.241
89489e27093ffff,0.7616,2,3,0.667
89489e27097ffff,0.7869,7,34,0.206
89489e2709bffff,-0.457,10,51,0.196
89489e270bbffff,0.6295,9,54,0.167
89489e270c3ffff,0.7616,1,9,0.111
89489e270c7ffff,0.6673,13,55,0.236
89489e270cfffff,-0.2466,74,322,0.23
89489e270d3ffff,0.172,24,144,0.167
89489e270d7ffff,0.7616,1,18,0.056
89489e270dbffff,-0.0863,17,83,0.205
89489e27103ffff,0.1393,81,1008,0.08
89489e27107ffff,0.1702,18,321,0.056
89489e2710bffff,-0.325,62,553,0.112
89489e2710fffff,-0.4288,26,343,0.076
89489e27113ffff,-0.572,9,63,0.143
89489e27117ffff,-0.2445,9,100,0.09
89489e2711bffff,-0.0641,21,109,0.193
89489e27127ffff,0.7616,1,1,1.0
89489e27137ffff,0.6823,46,166,0.277
89489e27147ffff,0.8194,7,33,0.212
89489e2714bffff,0.7616,1,18,0.056
89489e2716bffff,0.7616,1,3,0.333
89489e27173ffff,0.2539,3,73,0.041
89489e2718bffff,-0.7616,1,25,0.04
89489e271c7ffff,0.1904,8,61,0.131
89489e2720fffff,0.2077,9,121,0.074
89489e2722fffff,0.5965,7,32,0.219
89489e27247ffff,0.7905,7,53,0.132
89489e2724fffff,0.7616,3,12,0.25
89489e27277ffff,0.1913,10,116,0.086
89489e27283ffff,0.5939,61,331,0.184
89489e2728bffff,0.6165,20,69,0.29
89489e27293ffff,0.7841,9,38,0.237
89489e27297ffff,0.7616,1,5,0.2
89489e272b3ffff,0.8342,6,22,0.273
89489e272b7ffff,0.7616,5,25,0.2
89489e272c3ffff,-0.7616,3,15,0.2
89489e272d3ffff,0.6913,91,375,0.243
89489e272d7ffff,0.8021,5,17,0.294
89489e272dbffff,0.6896,86,570,0.151
89489e27303ffff,-0.0692,9,57,0.158
89489e27307ffff,0.7616,2,5,0.4
89489e2730bffff,0.8342,6,24,0.25
89489e2730fffff,0.3515,23,229,0.1
89489e27313ffff,0.2807,33,177,0.186
89489e27317ffff,0.6262,20,179,0.112
89489e2731bffff,0.7616,4,28,0.143
89489e27333ffff,0.7953,6,23,0.261
89489e2733bffff,0.4032,17,165,0.103
89489e27353ffff,0.544,7,57,0.123
89489e2735bffff,0.7616,5,27,0.185
89489e27363ffff,0.2904,80,450,0.178
89489e27367ffff,0.457,14,93,0.151
89489e2736bffff,0.5215,8,54,0.148
89489e2736fffff,0.6956,92,527,0.175
89489e27373ffff,0.4086,21,139,0.151
89489e27377ffff,0.2539,3,51,0.059
89489e27383ffff,0.7616,16,135,0.119
89489e2738fffff,0.6123,63,418,0.151
89489e27393ffff,0.7616,8,62,0.129
89489e27397ffff,0.7616,13,129,0.101
89489e2739bffff,0.7742,16,107,0.15
89489e273c3ffff,0.7616,2,10,0.2
89489e273d3ffff,0.7772,8,71,0.113
89489e273d7ffff,0.3264,19,106,0.179
89489e27403ffff,0.7114,76,506,0.15
89489e27407ffff,-0.0373,14,117,0.12
89489e2740fffff,0.4061,8,82,0.098
89489e27413ffff,0.7953,6,20,0.3
89489e2741bffff,0.5077,11,70,0.157
89489e27423ffff,0.4231,9,152,0.059
89489e2742bffff,0.3178,24,201,0.119
89489e27433ffff,0.8426,5,23,0.217
89489e2743bffff,0.457,5,108,0.046
89489e27447ffff,0.0,6,70,0.086
89489e27453ffff,0.8628,4,47,0.085
89489e27467ffff,0.2707,11,131,0.084
89489e2746bffff,-0.1377,7,89,0.079
89489e27477ffff,0.8122,4,35,0.114
89489e2747bffff,0.5077,12,76,0.158
89489e27483ffff,0.6483,114,962,0.119
89489e27487ffff,0.478,49,297,0.165
89489e2748bffff,0.649,153,1390,0.11
89489e2748fffff,0.5664,9,63,0.143
89489e27497ffff,0.7841,9,37,0.243
89489e274abffff,0.7,98,618,0.159
89489e274afffff,0.7616,2,7,0.286
89489e274b3ffff,0.2285,16,94,0.17
89489e274b7ffff,0.5936,22,176,0.125
89489e274bbffff,0.7616,5,74,0.068
89489e274c7ffff,0.7616,1,11,0.091
89489e274cbffff,0.7616,1,13,0.077
89489e274d3ffff,0.7616,5,55,0.091
89489e274d7ffff,0.7953,5,74,0.068
89489e274dbffff,0.7953,5,11,0.455
89489e27503ffff,-0.2539,3,18,0.167
89489e27513ffff,-0.3265,10,78,0.128
89489e27517ffff,-0.4176,6,22,0.273
89489e27527ffff,0.457,5,106,0.047
89489e27583ffff,0.8021,5,27,0.185
89489e27587ffff,0.7044,15,104,0.144
89489e2758fffff,-0.964,1,24,0.042
89489e27593ffff,0.643,125,716,0.175
89489e27597ffff,0.7616,1,10,0.1
89489e275a7ffff,0.0722,32,150,0.213
89489e275b7ffff,0.4358,21,92,0.228
89489e275cbffff,0.7616,2,45,0.044
89489e275cfffff,0.7616,2,14,0.143
89489e275d3ffff,0.5584,11,47,0.234
89489e27603ffff,0.2749,26,168,0.155
89489e27607ffff,0.3213,3,31,0.097
89489e27613ffff,0.3808,3,19,0.158
89489e2762bffff,-0.4305,21,104,0.202
89489e2762fffff,0.7841,9,42,0.214
89489e27633ffff,0.3641,33,298,0.111
89489e27637ffff,0.66,15,256,0.059
89489e27643ffff,0.7616,7,28,0.25
89489e2765bffff,0.3808,3,22,0.136
89489e27667ffff,0.3264,7,42,0.167
89489e2766fffff,-0.0825,16,103,0.155
89489e27677ffff,0.5431,30,183,0.164
89489e27687ffff,0.3458,28,222,0.126
89489e2768bffff,0.3213,3,7,0.429
89489e2768fffff,0.7616,2,18,0.111
89489e27697ffff,-0.964,2,6,0.333
89489e276a7ffff,0.5855,15,109,0.138
89489e276afffff,0.7616,1,7,0.143
89489e276b3ffff,0.7616,1,13,0.077
89489e276bbffff,0.7616,3,12,0.25
89489e276cbffff,-0.7616,1,1,1.0
89489e276cfffff,0.3808,12,46,0.261
89489e276d3ffff,0.8021,9,51,0.176
89489e276dbffff,-0.1309,15,90,0.167
89489e308b7ffff,0.7616,2,22,0.091
89489e30933ffff,0.8122,4,14,0.286
89489e309a7ffff,0.4101,12,106,0.113
89489e309b3ffff,0.0,8,68,0.118
89489e309b7ffff,0.2288,46,459,0.1
89489e30ad7ffff,0.0,2,22,0.091
89489e30d37ffff,0.352,55,464,0.119
89489e30d47ffff,0.2539,5,31,0.161
89489e30d7bffff,0.4974,4,21,0.19
89489e30d87ffff,0.1523,3,43,0.07
89489e30d8fffff,0.4179,25,169,0.148
89489e30da7ffff,0.7616,1,9,0.111
89489e30dafffff,0.2539,3,25,0.12
89489e30e0fffff,0.5874,13,58,0.224
89489e30e2bffff,0.4456,9,58,0.155
89489e30e3bffff,0.6738,114,931,0.122
89489e30e73ffff,0.2314,9,51,0.176
89489e30e77ffff,0.4119,15,109,0.138
89489e31803ffff,0.7417,78,345,0.226
89489e31807ffff,0.617,26,159,0.164
89489e3180fffff,0.5922,56,304,0.184
89489e31817ffff,0.7042,22,127,0.173
89489e31823ffff,0.7616,6,23,0.261
89489e31833ffff,0.7616,3,19,0.158
89489e3183bffff,0.7616,4,39,0.103
89489e31863ffff,0.5077,3,11,0.273
89489e31867ffff,0.964,2,8,0.25
89489e3186fffff,0.0692,20,176,0.114
89489e31873ffff,0.4974,9,52,0.173
89489e31877ffff,0.7616,5,18,0.278
89489e31a2bffff,0.7616,4,25,0.16
89489e31aa7ffff,0.7616,1,4,0.25
89489e31b03ffff,0.7616,2,25,0.08
89489e31b23ffff,0.5415,6,73,0.082
89489e31b27ffff,0.7158,20,107,0.187
89489e31b2bffff,0.7818,20,115,0.174
89489e31b2fffff,0.5935,49,326,0.15
89489e31b33ffff,0.8291,3,22,0.136
89489e31b37ffff,0.3241,11,59,0.186
89489e31b3bffff,0.1758,11,47,0.234
89489e31b4fffff,-0.2539,2,5,0.4
89489e31b63ffff,0.7616,2,32,0.062
89489e31b6bffff,0.7616,2,24,0.083
89489e31b73ffff,0.7616,1,24,0.042
89489e31b7bffff,0.8021,4,27,0.148
89489e31bd3ffff,0.6415,19,113,0.168
89489e32133ffff,0.4732,22,153,0.144
89489e32823ffff,-0.1012,1,3,0.333
89489e32833ffff,0.7616,8,54,0.148
89489e3283bffff,0.6444,13,53,0.245
89489e32887ffff,0.78,11,88,0.125
89489e3289bffff,0.1904,27,145,0.186
89489e328abffff,0.544,7,37,0.189
89489e328bbffff,0.6295,8,51,0.157
89489e3294fffff,0.4412,13,136,0.096
89489e3297bffff,0.5102,37,253,0.146
89489e32b27ffff,0.8122,4,28,0.143
89489e32b33ffff,0.5166,72,524,0.137
89489e32b37ffff,0.5539,242,1740,0.139
89489e32b97ffff,0.7616,6,22,0.273
89489e32ba3ffff,0.2764,7,53,0.132
89489e32ba7ffff,0.3085,12,77,0.156
89489e32bb7ffff,0.8122,7,92,0.076
89489e32c2bffff,0.457,5,36,0.139
89489e32c67ffff,0.5712,8,37,0.216
89489e32ca7ffff,0.7616,1,11,0.091
89489e32d83ffff,0.6958,16,66,0.242
89489e32d8bffff,0.7905,7,50,0.14
89489e32d93ffff,0.6452,281,1214,0.231
89489e32d9bffff,0.572,15,79,0.19
89489e32da7ffff,0.3808,4,28,0.143
89489e32dafffff,0.5723,37,114,0.325
89489e32db3ffff,0.7616,2,8,0.25
89489e32db7ffff,0.6272,28,179,0.156
89489e32dc7ffff,0.7616,2,9,0.222
89489e32dd3ffff,0.8965,6,24,0.25
89489e32dd7ffff,0.4456,8,43,0.186
89489e34007ffff,0.3943,135,944,0.143
89489e3400bffff,0.6949,91,511,0.178
89489e3400fffff,0.375,110,598,0.184
89489e3401bffff,0.4741,168,1166,0.144
89489e34023ffff,0.7616,8,48,0.167
89489e34027ffff,0.7616,7,40,0.175
89489e3402bffff,0.713,23,119,0.193
89489e3402fffff,0.5561,67,320,0.209
89489e34033ffff,0.574,13,52,0.25
89489e34037ffff,0.6882,16,76,0.211
89489e3403bffff,0.5737,81,397,0.204
89489e34043ffff,0.5338,91,418,0.218
89489e34047ffff,0.7141,215,1043,0.206
89489e3404bffff,0.5736,286,1446,0.198
89489e3404fffff,0.6454,179,922,0.194
89489e34053ffff,0.1996,673,3781,0.178
89489e34057ffff,0.1687,302,1737,0.174
89489e3405bffff,0.2337,368,2837,0.13
89489e34063ffff,0.471,280,1328,0.211
89489e34067ffff,0.5855,15,122,0.123
89489e3406bffff,0.2806,17,106,0.16
89489e3406fffff,0.964,1,7,0.143
89489e34073ffff,0.6544,190,899,0.211
89489e34077ffff,0.0416,67,452,0.148
89489e3407bffff,0.2211,29,204,0.142
89489e340a7ffff,0.1377,13,71,0.183
89489e340abffff,0.5605,42,222,0.189
89489e340cbffff,0.2742,23,164,0.14
89489e340cfffff,0.0991,39,329,0.119
89489e34127ffff,0.7616,3,8,0.375
89489e3412bffff,0.6482,58,317,0.183
89489e34137ffff,0.2539,3,24,0.125
89489e3414fffff,0.6881,29,180,0.161
89489e34167ffff,0.6431,24,122,0.197
89489e3416bffff,0.5632,41,241,0.17
89489e34173ffff,0.5633,21,222,0.095
89489e3417bffff,0.722,16,62,0.258
89489e341b3ffff,0.7616,1,2,0.5
89489e341bbffff,0.5077,4,14,0.286
89489e341c7ffff,-0.3351,23,115,0.2
89489e34207ffff,0.7616,4,78,0.051
89489e3420bffff,0.2876,6,41,0.146
89489e3420fffff,-0.6373,8,47,0.17
89489e34213ffff,0.6268,50,288,0.174
89489e34217ffff,0.0525,35,381,0.092
89489e34223ffff,-0.3036,100,789,0.127
89489e34227ffff,0.7616,2,7,0.286
89489e3422bffff,-0.3808,13,131,0.099
89489e3422fffff,0.5005,30,247,0.121
89489e34233ffff,-0.1785,164,1277,0.128
89489e34237ffff,0.2722,36,330,0.109
89489e3423bffff,0.0158,102,946,0.108
89489e3424fffff,0.139,34,250,0.136
89489e34263ffff,0.3411,66,519,0.127
89489e34267ffff,-0.0597,47,442,0.106
89489e3426bffff,0.4475,68,687,0.099
89489e3426fffff,0.4271,111,963,0.115
89489e34277ffff,0.5685,7,72,0.097
89489e3427bffff,0.4084,63,617,0.102
89489e34283ffff,0.1463,14,72,0.194
89489e34287ffff,0.551,90,433,0.208
89489e3428bffff,0.6222,177,1057,0.167
89489e3428fffff,0.5704,665,3540,0.188
89489e34293ffff,0.3454,104,861,0.121
89489e34297ffff,0.4775,243,1588,0.153
89489e3429bffff,0.7616,6,36,0.167
89489e342a3ffff,0.1632,15,146,0.103
89489e342abffff,-0.1223,108,918,0.118
89489e342afffff,-0.009,223,1504,0.148
89489e342b3ffff,0.3264,6,41,0.146
89489e342b7ffff,0.2414,40,245,0.163
89489e342bbffff,0.0355,60,360,0.167
89489e3430bffff,0.3379,103,683,0.151
89489e34313ffff,0.6601,28,105,0.267
89489e34317ffff,0.7616,2,9,0.222
89489e3432bffff,0.7616,8,16,0.5
89489e3432fffff,0.6515,32,142,0.225
89489e34337ffff,0.7722,17,45,0.378
89489e34343ffff,0.7484,83,352,0.236
89489e34347ffff,0.6431,21,104,0.202
89489e3434bffff,0.7688,27,74,0.365
89489e3434fffff,0.5965,8,88,0.091
89489e34357ffff,0.3808,14,100,0.14
89489e3436bffff,0.78,11,27,0.407
89489e3437bffff,0.7107,15,81,0.185
89489e34383ffff,-0.7616,4,29,0.138
89489e34387ffff,0.7337,38,159,0.239
89489e3438bffff,0.6557,60,319,0.188
89489e3438fffff,0.6003,32,168,0.19
89489e34393ffff,0.6237,118,857,0.138
89489e34397ffff,0.4191,102,833,0.122
89489e343a3ffff,0.8021,5,14,0.357
89489e343b3ffff,0.6735,15,65,0.231
89489e343b7ffff,0.7343,39,105,0.371
89489e343bbffff,0.5965,7,21,0.333
89489e343c3ffff,0.0436,102,415,0.246
89489e343c7ffff,-0.2762,64,376,0.17
89489e343d3ffff,0.5481,90,348,0.259
89489e343d7ffff,0.3919,61,767,0.08
89489e34403ffff,0.6658,272,1536,0.177
89489e34407ffff,0.6219,258,1260,0.205
89489e3440bffff,0.6326,513,2713,0.189
89489e3440fffff,0.7257,366,1711,0.214
89489e34413ffff,0.4153,228,1468,0.155
89489e34417ffff,0.5587,135,853,0.158
89489e3441bffff,0.457,130,1070,0.121
89489e34423ffff,0.5632,261,1970,0.132
89489e34427ffff,-0.2539,3,23,0.13
89489e3442bffff,0.4898,274,2240,0.122
89489e3442fffff,0.7728,16,91,0.176
89489e34433ffff,0.6424,180,765,0.235
89489e34437ffff,0.7492,144,598,0.241
89489e3443bffff,0.6603,371,2086,0.178
89489e34443ffff,0.5523,47,227,0.207
89489e34447ffff,0.4508,29,250,0.116
89489e3444bffff,0.5928,415,2261,0.184
89489e3444fffff,0.5578,41,264,0.155
89489e34453ffff,0.6665,549,3143,0.175
89489e34457ffff,0.2856,29,346,0.084
89489e3445bffff,0.5757,233,1546,0.151
89489e34463ffff,0.6809,184,802,0.229
89489e34467ffff,0.1083,29,297,0.098
89489e3446bffff,0.5298,131,912,0.144
89489e3446fffff,0.5285,16,91,0.176
89489e34473ffff,0.5694,69,425,0.162
89489e34477ffff,0.5532,177,1067,0.166
89489e3447bffff,0.6435,264,1351,0.195
89489e34483ffff,0.5036,126,740,0.17
89489e34487ffff,0.5611,198,1261,0.157
89489e3448bffff,0.5183,150,779,0.193
89489e3448fffff,0.3188,76,567,0.134
89489e34493ffff,0.5541,135,957,0.141
89489e34497ffff,0.63,86,512,0.168
89489e3449bffff,0.5468,169,944,0.179
89489e344a3ffff,0.6619,51,278,0.183
89489e344a7ffff,0.78,9,67,0.134
89489e344abffff,0.6505,53,377,0.141
89489e344afffff,0.5466,58,393,0.148
89489e344b3ffff,0.6391,63,401,0.157
89489e344b7ffff,0.6093,7,58,0.121
89489e344bbffff,0.6067,116,582,0.199
89489e344c3ffff,-0.0545,100,656,0.152
89489e344c7ffff,-0.016,30,205,0.146
89489e344cbffff,0.559,196,1326,0.148
89489e344cfffff,0.4399,118,682,0.173
89489e344d3ffff,0.5921,263,1468,0.179
89489e344d7ffff,-0.2746,50,358,0.14
89489e344dbffff,-0.0069,73,495,0.147
89489e34517ffff,0.3808,4,20,0.2
89489e34527ffff,0.8375,8,51,0.157
89489e3452bffff,0.3646,11,60,0.183
89489e3452fffff,0.7892,20,65,0.308
89489e34543ffff,0.0,2,21,0.095
89489e34567ffff,0.7869,6,37,0.162
89489e3456bffff,0.6352,7,29,0.241
89489e34587ffff,0.2248,10,42,0.238
89489e34593ffff,0.4974,4,17,0.235
89489e345a3ffff,0.6194,19,93,0.204
89489e345a7ffff,0.3808,4,35,0.114
89489e345abffff,0.3685,28,123,0.228
89489e345b7ffff,0.0,3,18,0.167
89489e345c3ffff,0.7953,5,43,0.116
89489e345c7ffff,0.7616,1,19,0.053
89489e345cbffff,0.6383,12,31,0.387
89489e345cfffff,0.7616,1,10,0.1
89489e345d3ffff,0.4412,12,114,0.105
89489e345d7ffff,0.7616,2,10,0.2
89489e345dbffff,-0.7616,1,9,0.111
89489e34603ffff,0.0,2,112,0.018
89489e34607ffff,-0.478,112,1125,0.1
89489e3460bffff,-0.5656,161,1469,0.11
89489e3460fffff,0.4207,13,177,0.073
89489e34613ffff,0.3305,47,530,0.089
89489e34617ffff,0.7616,1,11,0.091
89489e34623ffff,-0.7616,2,29,0.069
89489e34627ffff,-0.0362,289,2177,0.133
89489e3462bffff,0.0719,144,1938,0.074
89489e3462fffff,0.3675,56,450,0.124
89489e34633ffff,0.2539,3,65,0.046
89489e34637ffff,0.0,4,52,0.077
89489e3463bffff,-0.3984,180,1940,0.093
89489e34643ffff,-0.0879,285,2451,0.116
89489e34647ffff,-0.5522,115,967,0.119
89489e3464bffff,-0.303,819,8238,0.099
89489e3464fffff,-0.2773,59,723,0.082
89489e34653ffff,-0.3129,212,1965,0.108
89489e34657ffff,-0.0067,25,324,0.077
89489e3465bffff,0.3293,256,1921,0.133
89489e34663ffff,-0.0575,72,541,0.133
89489e34667ffff,0.8291,3,48,0.062
89489e3466bffff,-0.7616,3,54,0.056
89489e34673ffff,-0.4673,460,3538,0.13
89489e34677ffff,-0.0271,40,410,0.098
89489e3467bffff,-0.4329,125,1590,0.079
89489e34683ffff,0.3046,28,201,0.139
89489e34687ffff,0.617,113,568,0.199
89489e3468bffff,-0.216,290,2872,0.101
89489e3468fffff,0.1952,141,1173,0.12
89489e34693ffff,0.3835,230,1754,0.131
89489e34697ffff,0.0554,39,263,0.148
89489e3469bffff,0.3689,196,1241,0.158
89489e346b3ffff,0.5998,190,1323,0.144
89489e346b7ffff,0.4305,23,169,0.136
89489e346bbffff,0.1024,57,427,0.133
89489e346c3ffff,-0.3913,189,2102,0.09
89489e346c7ffff,0.7616,1,9,0.111
89489e346cbffff,-0.1628,474,4940,0.096
89489e346cfffff,-0.3182,917,11859,0.077
89489e346d3ffff,0.4192,34,169,0.201
89489e346d7ffff,0.6322,123,953,0.129
89489e346dbffff,0.0282,25,290,0.086
89489e34837ffff,0.7616,1,6,0.167
89489e34847ffff,0.7616,7,44,0.159
89489e348cbffff,0.3808,3,12,0.25
89489e348dbffff,0.7776,33,101,0.327
89489e349b3ffff,0.0,2,12,0.167
89489e349c3ffff,-0.2539,14,167,0.084
89489e349cbffff,0.7616,1,17,0.059
89489e349d3ffff,0.2539,3,30,0.1
89489e349dbffff,0.7616,2,20,0.1
89489e34a0fffff,0.6347,10,75,0.133
89489e34a17ffff,-0.6218,6,33,0.182
89489e34a2bffff,0.7616,1,18,0.056
89489e34a37ffff,0.3808,3,23,0.13
89489e34a3bffff,0.2539,3,21,0.143
89489e34a4fffff,0.4974,4,9,0.444
89489e34a67ffff,0.7616,2,46,0.043
89489e34aafffff,0.5729,5,18,0.278
89489e34ac7ffff,-0.7616,1,6,0.167
89489e34adbffff,0.7169,38,156,0.244
89489e34b2bffff,0.7296,45,297,0.152
89489e34b63ffff,0.7616,1,5,0.2
89489e34b6fffff,0.8021,4,12,0.333
89489e34b7bffff,0.5077,5,26,0.192
89489e34b8fffff,0.457,5,13,0.385
89489e34bc7ffff,0.7616,1,2,0.5
89489e34c03ffff,0.8628,4,12,0.333
89489e34c0bffff,0.5584,11,82,0.134
89489e34c0fffff,0.7616,3,47,0.064
89489e34c43ffff,0.7616,8,45,0.178
89489e34c47ffff,0.5999,78,280,0.279
89489e34c4bffff,0.7256,48,180,0.267
89489e34c63ffff,0.5712,8,46,0.174
89489e34c6bffff,-0.1398,8,65,0.123
89489e34c6fffff,0.7057,39,228,0.171
89489e34cc7ffff,0.7616,2,7,0.286
89489e34d33ffff,0.7616,1,5,0.2
89489e34d67ffff,0.6415,11,83,0.133
89489e34d77ffff,0.7616,3,28,0.107
89489e34d8bffff,0.7616,10,17,0.588
89489e34e23ffff,0.2928,6,44,0.136
89489e34e33ffff,0.2764,9,96,0.094
89489e34e43ffff,0.707,36,155,0.232
89489e34e57ffff,0.7616,1,11,0.091
89489e34e63ffff,0.7616,4,27,0.148
89489e34e6fffff,0.3213,3,37,0.081
89489e34eafffff,0.1523,15,111,0.135
89489e34ec7ffff,0.8628,3,17,0.176
89489e35003ffff,0.5234,106,570,0.186
89489e35007ffff,0.7016,44,266,0.165
89489e3500bffff,0.4326,132,897,0.147
89489e3500fffff,0.546,55,444,0.124
89489e35013ffff,0.6201,27,189,0.143
89489e35017ffff,0.0753,38,305,0.125
89489e3501bffff,0.4456,9,57,0.158
89489e35023ffff,-0.8194,7,26,0.269
89489e35027ffff,0.6664,16,149,0.107
89489e3502fffff,-0.0713,5,67,0.075
89489e35037ffff,0.6673,26,177,0.147
89489e3503bffff,0.5415,6,26,0.231
89489e35043ffff,0.3419,109,680,0.16
89489e35047ffff,0.3107,88,680,0.129
89489e3504bffff,0.4367,10,118,0.085
89489e3504fffff,0.3836,68,762,0.089
89489e35053ffff,0.4078,117,882,0.133
89489e35057ffff,0.0421,89,633,0.141
89489e3505bffff,0.6845,54,322,0.168
89489e3506fffff,0.8122,2,8,0.25
89489e35073ffff,0.6317,59,326,0.181
89489e35077ffff,0.3264,6,29,0.207
89489e3507bffff,-0.7616,5,100,0.05
89489e35083ffff,-0.0076,42,404,0.104
89489e35087ffff,0.2453,58,385,0.151
89489e3508bffff,0.125,21,250,0.084
89489e35093ffff,0.2908,52,377,0.138
89489e35097ffff,0.1975,23,249,0.092
89489e3509bffff,0.3148,18,170,0.106
89489e350a3ffff,0.5742,457,2778,0.165
89489e350a7ffff,0.1639,34,229,0.148
89489e350abffff,-0.4436,11,106,0.104
89489e350afffff,0.5285,43,327,0.131
89489e350b3ffff,0.4158,112,769,0.146
89489e350b7ffff,0.5939,224,1609,0.139
89489e350bbffff,0.0825,15,169,0.089
89489e350c3ffff,-0.01,146,1631,0.09
89489e350c7ffff,0.0403,29,208,0.139
89489e350cbffff,0.5312,139,1009,0.138
89489e350cfffff,0.6015,29,198,0.146
89489e350d3ffff,0.5334,66,604,0.109
89489e350d7ffff,0.4783,148,1092,0.136
89489e350dbffff,0.3159,239,1875,0.127
89489e35103ffff,0.5292,82,490,0.167
89489e35107ffff,0.3777,48,313,0.153
89489e3510bffff,0.6547,73,359,0.203
89489e3510fffff,0.2316,36,237,0.152
89489e35113ffff,0.6684,104,484,0.215
89489e35117ffff,0.3668,152,963,0.158
89489e3511bffff,0.6681,167,773,0.216
89489e35123ffff,0.4789,64,274,0.234
89489e35127ffff,-0.1466,51,248,0.206
89489e3512bffff,0.387,154,902,0.171
89489e3512fffff,0.4574,142,695,0.204
89489e35133ffff,0.4168,57,280,0.204
89489e35137ffff,0.4641,14,185,0.076
89489e3513bffff,0.0,16,149,0.107
89489e35143ffff,0.6347,12,102,0.118
89489e3514bffff,0.457,20,157,0.127
89489e3514fffff,0.7616,1,3,0.333
89489e35153ffff,0.3808,4,82,0.049
89489e35157ffff,0.7481,37,163,0.227
89489e3515bffff,0.7769,64,199,0.322
89489e35163ffff,0.5991,34,195,0.174
89489e35167ffff,0.6092,24,171,0.14
89489e3516bffff,0.7088,25,158,0.158
89489e3516fffff,0.5983,77,532,0.145
89489e35173ffff,0.0241,34,210,0.162
89489e35177ffff,0.4092,31,145,0.214
89489e3517bffff,-0.7616,1,54,0.019
89489e35183ffff,0.6218,352,2246,0.157
89489e35187ffff,0.5162,44,394,0.112
89489e3518bffff,0.4537,55,276,0.199
89489e3518fffff,0.4905,265,1235,0.215
89489e35193ffff,0.4893,43,429,0.1
89489e35197ffff,0.1726,9,71,0.127
89489e3519bffff,0.5421,177,1759,0.101
89489e351a3ffff,0.1523,4,47,0.085
89489e351a7ffff,0.6751,148,642,0.231
89489e351abffff,0.3226,96,556,0.173
89489e351afffff,0.1523,4,36,0.111
89489e351b3ffff,0.4122,24,129,0.186
89489e351b7ffff,0.6807,46,222,0.207
89489e351bbffff,0.7616,7,56,0.125
89489e351c3ffff,0.5745,71,447,0.159
89489e351c7ffff,0.4646,108,560,0.193
89489e351cbffff,0.6796,80,771,0.104
89489e351cfffff,0.6536,60,337,0.178
89489e351d3ffff,0.5837,56,446,0.126
89489e351d7ffff,0.6459,34,231,0.147
89489e351dbffff,0.6153,71,499,0.142
89489e35203ffff,0.3909,18,107,0.168
89489e35207ffff,0.4729,104,764,0.136
89489e3520fffff,0.725,22,128,0.172
89489e35217ffff,0.7953,5,29,0.172
89489e35223ffff,-0.7616,1,5,0.2
89489e35227ffff,0.2608,98,658,0.149
89489e3522fffff,0.8122,4,18,0.222
89489e35233ffff,0.7616,6,24,0.25
89489e35237ffff,0.7616,13,94,0.138
89489e3523bffff,0.7616,1,19,0.053
89489e35243ffff,0.4445,84,454,0.185
89489e35247ffff,0.7616,1,35,0.029
89489e3524fffff,0.2539,3,34,0.088
89489e35273ffff,0.7616,1,6,0.167
89489e35283ffff,-0.006,55,364,0.151
89489e35287ffff,0.5094,28,291,0.096
89489e3528bffff,0.4314,3,10,0.3
89489e3528fffff,0.5965,7,85,0.082
89489e35293ffff,-0.3249,8,61,0.131
89489e35297ffff,0.3088,30,231,0.13
89489e352a3ffff,0.7616,2,69,0.029
89489e352a7ffff,-0.7616,1,4,0.25
89489e352abffff,0.457,9,124,0.073
89489e352afffff,-0.4101,24,81,0.296
89489e352b3ffff,0.5536,20,160,0.125
89489e352b7ffff,0.7616,1,10,0.1
89489e35303ffff,0.0,2,8,0.25
89489e35307ffff,0.7616,1,2,0.5
89489e3530bffff,0.5219,109,704,0.155
89489e35313ffff,0.2539,3,9,0.333
89489e35317ffff,0.7616,2,14,0.143
89489e35323ffff,0.7013,83,389,0.213
89489e35327ffff,0.678,77,468,0.165
89489e3532bffff,0.4161,39,258,0.151
89489e3532fffff,0.66,45,235,0.191
89489e35333ffff,0.5276,61,327,0.187
89489e35337ffff,0.6555,129,812,0.159
89489e3533bffff,0.7549,43,168,0.256
89489e35343ffff,0.1071,8,53,0.151
89489e35347ffff,0.1523,4,14,0.286
89489e3534bffff,0.389,118,903,0.131
89489e3534fffff,0.7616,1,4,0.25
89489e35353ffff,0.2539,18,126,0.143
89489e3535bffff,-0.457,4,18,0.222
89489e35363ffff,0.7953,5,33,0.152
89489e3536bffff,0.6093,9,61,0.148
89489e35373ffff,0.7016,19,104,0.183
89489e3537bffff,0.5536,20,99,0.202
89489e35383ffff,0.6731,58,428,0.136
89489e35387ffff,0.0,2,25,0.08
89489e3538bffff,0.7616,3,30,0.1
89489e3538fffff,0.7362,30,143,0.21
89489e35397ffff,0.7117,57,346,0.165
89489e3539bffff,0.7869,8,46,0.174
89489e353afffff,0.7616,1,22,0.045
89489e353b3ffff,0.4218,47,330,0.142
89489e353bbffff,0.6839,16,123,0.13
89489e353c3ffff,0.5212,85,592,0.144
89489e353c7ffff,0.7616,3,12,0.25
89489e353cbffff,0.5598,303,2605,0.116
89489e353d3ffff,0.5924,9,71,0.127
89489e353dbffff,0.7616,2,16,0.125
89489e35403ffff,0.4364,107,1022,0.105
89489e35407ffff,0.1897,58,469,0.124
89489e3540bffff,0.8291,6,31,0.194
89489e3540fffff,-0.0342,71,553,0.128
89489e35413ffff,0.7616,16,58,0.276
89489e35417ffff,0.3484,57,613,0.093
89489e3541bffff,0.7616,1,14,0.071
89489e35423ffff,0.5215,140,985,0.142
89489e35427ffff,0.4465,84,586,0.143
89489e3542bffff,0.5197,104,534,0.195
89489e3542fffff,0.2856,44,281,0.157
89489e35433ffff,0.3554,54,562,0.096
89489e35437ffff,0.4487,150,1224,0.123
89489e3543bffff,0.7482,23,71,0.324
89489e35443ffff,0.195,71,590,0.12
89489e3544bffff,0.2145,258,2400,0.108
89489e3544fffff,0.8628,2,13,0.154
89489e35457ffff,0.4609,24,208,0.115
89489e3545bffff,0.3376,70,715,0.098
89489e35467ffff,0.6762,154,897,0.172
89489e3546bffff,0.0046,25,192,0.13
89489e3546fffff,-0.1117,59,584,0.101
89489e35473ffff,0.8035,24,139,0.173
89489e35477ffff,-0.5936,25,167,0.15
89489e354a3ffff,0.7927,13,96,0.135
89489e354a7ffff,-0.2324,159,1306,0.122
89489e354abffff,0.3608,19,159,0.119
89489e354afffff,0.0508,15,100,0.15
89489e354b3ffff,0.4296,35,269,0.13
89489e354b7ffff,0.1179,156,1275,0.122
89489e354c3ffff,0.0,3,43,0.07
89489e354cfffff,0.3046,10,99,0.101
89489e354d3ffff,0.4798,54,249,0.217
89489e35503ffff,0.2392,222,1884,0.118
89489e35507ffff,0.4602,367,2706,0.136
89489e3550bffff,0.2418,85,717,0.119
89489e3550fffff,0.5598,214,1505,0.142
89489e35513ffff,0.4935,222,1738,0.128
89489e35517ffff,0.1716,163,1388,0.117
89489e3551bffff,0.5075,472,3598,0.131
89489e3552bffff,0.4356,369,2926,0.126
89489e35533ffff,0.3046,117,715,0.164
89489e35537ffff,-0.3623,26,269,0.097
89489e3553bffff,0.3554,111,898,0.124
89489e35543ffff,-0.0707,49,358,0.137
89489e35547ffff,0.1885,14,108,0.13
89489e3554bffff,0.4281,79,468,0.169
89489e3554fffff,-0.0275,32,382,0.084
89489e35553ffff,0.5283,110,660,0.167
89489e35557ffff,0.5912,30,234,0.128
89489e35563ffff,0.6307,294,1918,0.153
89489e35567ffff,0.4437,262,2244,0.117
89489e3556bffff,0.5092,326,2432,0.134
89489e3556fffff,0.5671,45,288,0.156
89489e35573ffff,0.3457,326,2468,0.132
89489e35577ffff,0.5173,378,3018,0.125
89489e3557bffff,0.1095,43,309,0.139
89489e35583ffff,-0.3018,357,3035,0.118
89489e35587ffff,-0.6834,52,252,0.206
89489e3558bffff,0.1867,238,1880,0.127
89489e3558fffff,0.4825,89,727,0.122
89489e35593ffff,0.3846,255,2636,0.097
89489e35597ffff,-0.0478,362,3096,0.117
89489e3559bffff,0.3757,67,656,0.102
89489e355a3ffff,0.6293,42,346,0.121
89489e355a7ffff,0.1118,5,25,0.2
89489e355abffff,0.3807,528,3897,0.135
89489e355afffff,0.1338,291,2590,0.112
89489e355b3ffff,0.0377,512,4360,0.117
89489e355b7ffff,-0.2828,53,506,0.105
89489e355bbffff,0.307,318,3000,0.106
89489e355c3ffff,0.6367,71,596,0.119
89489e355c7ffff,0.487,342,2453,0.139
89489e355cbffff,0.6395,96,693,0.139
89489e355cfffff,0.4841,101,599,0.169
89489e355d3ffff,-0.0508,81,545,0.149
89489e355d7ffff,0.2995,71,989,0.072
89489e355dbffff,-0.5294,44,451,0.098
89489e35603ffff,0.7616,2,33,0.061
89489e35613ffff,0.7616,2,13,0.154
89489e35617ffff,0.6148,9,36,0.25
89489e3561bffff,0.5102,37,182,0.203
89489e35623ffff,0.3181,26,189,0.138
89489e35627ffff,0.2837,62,467,0.133
89489e3562fffff,0.4765,25,238,0.105
89489e35633ffff,0.3934,30,232,0.129
89489e35637ffff,0.5924,25,222,0.113
89489e3563bffff,0.4358,24,122,0.197
89489e35653ffff,0.78,10,34,0.294
89489e35687ffff,0.78,11,55,0.2
89489e3568fffff,0.7139,54,289,0.187
89489e356a3ffff,0.2677,20,170,0.118
89489e356a7ffff,-0.3079,42,582,0.072
89489e356abffff,0.3213,9,87,0.103
89489e356afffff,0.5246,22,274,0.08
89489e356b3ffff,0.6961,46,337,0.136
89489e356b7ffff,0.4767,31,264,0.117
89489e356bbffff,0.6454,15,88,0.17
89489e356c7ffff,0.8426,5,43,0.116
89489e356cfffff,0.4968,25,145,0.172
89489e356d7ffff,0.7616,1,8,0.125
89489e35803ffff,0.7005,184,899,0.205
89489e35807ffff,0.7302,173,790,0.219
89489e3580bffff,0.4847,10,148,0.068
89489e3580fffff,0.6133,33,143,0.231
89489e35813ffff,0.6707,108,535,0.202
89489e3581bffff,0.4585,20,141,0.142
89489e35823ffff,0.1012,2,13,0.154
89489e3582bffff,0.7742,29,225,0.129
89489e35837ffff,0.4094,41,241,0.17
89489e3583bffff,0.7616,2,13,0.154
89489e35843ffff,0.5145,30,146,0.205
89489e3584bffff,0.7052,27,161,0.168
89489e3584fffff,0.5969,34,218,0.156
89489e35853ffff,0.5534,20,137,0.146
89489e35857ffff,0.3053,39,226,0.173
89489e3585bffff,0.7126,77,389,0.198
89489e35867ffff,0.7616,1,16,0.062
89489e3586bffff,0.6164,33,177,0.186
89489e3586fffff,0.6551,39,240,0.162
89489e35873ffff,0.7066,22,103,0.214
89489e35877ffff,0.6912,85,517,0.164
89489e3587bffff,0.6013,61,371,0.164
89489e35883ffff,0.336,21,265,0.079
89489e35887ffff,0.5536,20,119,0.168
89489e3588bffff,0.4968,26,165,0.158
89489e3588fffff,0.0943,14,140,0.1
89489e35897ffff,0.6794,166,641,0.259
89489e3589bffff,0.6414,47,280,0.168
89489e358a3ffff,0.6415,9,44,0.205
89489e358a7ffff,0.4231,8,33,0.242
89489e358afffff,0.7927,12,63,0.19
89489e358b3ffff,0.6294,49,217,0.226
89489e358bbffff,0.7391,101,590,0.171
89489e358c3ffff,0.523,19,136,0.14
89489e358c7ffff,0.4509,22,209,0.105
89489e358cbffff,0.457,4,33,0.121
89489e358cfffff,0.0846,8,65,0.123
89489e358d3ffff,0.257,117,1270,0.092
89489e358d7ffff,0.6092,26,108,0.241
89489e358dbffff,0.3808,14,307,0.046
89489e3590bffff,-0.7616,1,18,0.056
89489e3590fffff,0.7785,12,76,0.158
89489e35917ffff,0.544,7,31,0.226
89489e3591bffff,0.7616,4,33,0.121
89489e35923ffff,0.1956,5,28,0.179
89489e35927ffff,0.7276,19,47,0.404
89489e3592fffff,0.7616,8,50,0.16
89489e35933ffff,0.78,11,42,0.262
89489e3593bffff,0.6345,22,114,0.193
89489e35943ffff,0.7616,2,6,0.333
89489e35947ffff,0.185,101,679,0.149
89489e3594fffff,0.4546,41,179,0.229
89489e35957ffff,0.7616,5,36,0.139
89489e3595bffff,0.8628,2,7,0.286
89489e35967ffff,0.7616,2,7,0.286
89489e3596fffff,0.8122,4,20,0.2
89489e35973ffff,0.6415,22,85,0.259
89489e35983ffff,0.7141,83,267,0.311
89489e3598fffff,0.8291,3,13,0.231
89489e35993ffff,0.0,2,8,0.25
89489e359bbffff,0.8628,2,10,0.2
89489e359cbffff,0.706,90,442,0.204
89489e35a03ffff,0.6468,28,210,0.133
89489e35a07ffff,0.6231,30,237,0.127
89489e35a0bffff,0.7616,8,56,0.143
89489e35a0fffff,0.7616,21,113,0.186
89489e35a13ffff,-0.0491,56,503,0.111
89489e35a17ffff,0.3593,23,150,0.153
89489e35a1bffff,0.3808,25,196,0.128
89489e35a27ffff,0.6684,11,67,0.164
89489e35a33ffff,0.4906,9,30,0.3
89489e35a37ffff,0.5924,18,69,0.261
89489e35a4bffff,0.5099,41,296,0.139
89489e35a57ffff,0.7616,2,64,0.031
89489e35a6bffff,0.2539,6,137,0.044
89489e35a83ffff,0.1394,56,409,0.137
89489e35a87ffff,0.7616,1,16,0.062
89489e35a8bffff,0.7761,14,72,0.194
89489e35a8fffff,0.0,2,22,0.091
89489e35a93ffff,-0.7616,3,13,0.231
89489e35a97ffff,0.6402,67,428,0.157
89489e35aa3ffff,0.0,2,24,0.083
89489e35aa7ffff,0.5838,15,105,0.143
89489e35aabffff,0.648,86,518,0.166
89489e35aafffff,0.4829,41,265,0.155
89489e35ab3ffff,0.7254,29,130,0.223
89489e35ab7ffff,0.7616,12,61,0.197
89489e35abbffff,-0.0734,18,182,0.099
89489e35ac3ffff,0.4314,4,53,0.075
89489e35ac7ffff,0.4334,25,236,0.106
89489e35acbffff,0.4371,39,355,0.11
89489e35acfffff,0.7616,5,56,0.089
89489e35ad3ffff,0.4314,4,46,0.087
89489e35adbffff,0.1305,15,167,0.09
89489e35b07ffff,0.8291,3,30,0.1
89489e35b0bffff,0.388,27,160,0.169
89489e35b0fffff,0.544,13,56,0.232
89489e35b17ffff,0.5317,19,124,0.153
89489e35b1bffff,0.6148,9,91,0.099
89489e35b23ffff,0.5716,52,258,0.202
89489e35b2bffff,0.7996,14,78,0.179
89489e35b33ffff,0.3808,4,35,0.114
89489e35b43ffff,0.66,13,106,0.123
89489e35b47ffff,0.4231,15,60,0.25
89489e35b4bffff,0.5415,5,11,0.455
89489e35b4fffff,0.6921,17,105,0.162
89489e35b57ffff,0.8426,5,27,0.185
89489e35b5bffff,0.6267,99,494,0.2
89489e35b63ffff,0.6563,25,103,0.243
89489e35b67ffff,0.7616,2,47,0.043
89489e35b6bffff,0.457,10,47,0.213
89489e35b73ffff,0.5385,125,582,0.215
89489e35b77ffff,0.7616,3,27,0.111
89489e35b7bffff,0.7616,1,11,0.091
89489e35b87ffff,0.7616,1,12,0.083
89489e35b8bffff,0.714,75,237,0.316
89489e35b8fffff,-0.0506,3,6,0.5
89489e35b93ffff,0.6253,161,1079,0.149
89489e35b97ffff,0.2539,3,15,0.2
89489e35b9bffff,0.4842,24,124,0.194
89489e35babffff,0.7953,12,37,0.324
89489e35bafffff,0.7616,8,84,0.095
89489e35bb7ffff,0.5791,26,124,0.21
89489e35bc3ffff,0.5729,11,63,0.175
89489e35bcbffff,0.3553,13,81,0.16
89489e35bd3ffff,0.7108,23,111,0.207
89489e35bd7ffff,0.7841,27,103,0.262
89489e35bdbffff,0.3808,16,84,0.19
89489e35c07ffff,0.6251,60,261,0.23
89489e35c0bffff,0.7616,1,13,0.077
89489e35c17ffff,0.457,5,30,0.167
89489e35c1bffff,0.6464,105,565,0.186
89489e35c23ffff,0.5913,67,398,0.168
89489e35c2bffff,0.5077,5,32,0.156
89489e35c2fffff,0.6848,132,599,0.22
89489e35c33ffff,0.6479,68,198,0.343
89489e35c37ffff,0.8021,5,23,0.217
89489e35c3bffff,0.7,30,233,0.129
89489e35c43ffff,0.5713,132,813,0.162
89489e35c47ffff,0.5922,319,1706,0.187
89489e35c4bffff,0.6539,558,2721,0.205
89489e35c4fffff,0.6321,62,173,0.358
89489e35c53ffff,0.5162,22,138,0.159
89489e35c57ffff,0.4367,10,115,0.087
89489e35c5bffff,0.6226,130,707,0.184
89489e35c6bffff,0.2562,72,685,0.105
89489e35c6fffff,0.5119,46,524,0.088
89489e35c73ffff,0.7616,2,12,0.167
89489e35c77ffff,0.4352,14,50,0.28
89489e35c7bffff,0.4724,44,323,0.136
89489e35c83ffff,0.6194,349,1739,0.201
89489e35c8bffff,0.285,99,757,0.131
89489e35c8fffff,0.5725,59,320,0.184
89489e35c93ffff,-0.0108,135,1152,0.117
89489e35c9bffff,0.4616,37,252,0.147
89489e35ca3ffff,0.7616,1,3,0.333
89489e35ca7ffff,0.66,34,161,0.211
89489e35cabffff,0.44,39,244,0.16
89489e35cafffff,0.727,219,949,0.231
89489e35cb7ffff,0.4551,48,325,0.148
89489e35cbbffff,0.7751,14,59,0.237
89489e35cc3ffff,0.4693,229,1269,0.18
89489e35cc7ffff,0.7189,216,882,0.245
89489e35ccbffff,0.6563,305,1172,0.26
89489e35ccfffff,0.7359,80,321,0.249
89489e35cd3ffff,0.6612,102,485,0.21
89489e35cd7ffff,-0.0783,143,762,0.188
89489e35cdbffff,0.4621,48,319,0.15
89489e35d23ffff,0.5415,5,23,0.217
89489e35d27ffff,0.7616,1,13,0.077
89489e35d2bffff,0.4974,4,17,0.235
89489e35d3bffff,0.6129,24,88,0.273
89489e35d43ffff,0.7616,2,13,0.154
89489e35d47ffff,0.7616,14,50,0.28
89489e35d4bffff,0.2844,8,69,0.116
89489e35d53ffff,0.66,50,219,0.228
89489e35d57ffff,0.5231,23,178,0.129
89489e35d5bffff,0.5478,50,253,0.198
89489e35d63ffff,0.2539,3,23,0.13
89489e35d67ffff,0.7183,43,257,0.167
89489e35d73ffff,0.2539,5,38,0.132
89489e35d77ffff,-0.5211,18,61,0.295
89489e35d93ffff,0.3412,38,193,0.197
89489e35dc7ffff,0.1463,17,146,0.116
89489e35dcfffff,0.0,8,67,0.119
89489e35dd3ffff,0.6996,81,386,0.21
89489e35dd7ffff,0.7616,2,10,0.2
89489e35ddbffff,0.6528,77,274,0.281
89489e35e03ffff,0.4974,10,65,0.154
89489e35e07ffff,0.7312,63,359,0.175
89489e35e0bffff,0.5393,87,599,0.145
89489e35e0fffff,0.2357,70,701,0.1
89489e35e13ffff,0.457,38,421,0.09
89489e35e17ffff,0.4993,24,180,0.133
89489e35e1bffff,0.5389,48,260,0.185
89489e35e23ffff,0.6125,46,380,0.121
89489e35e2fffff,0.4786,14,70,0.2
89489e35e33ffff,0.6085,160,658,0.243
89489e35e37ffff,0.6971,131,571,0.229
89489e35e3bffff,-0.105,47,250,0.188
89489e35e43ffff,0.5077,6,46,0.13
89489e35e47ffff,0.457,5,69,0.072
89489e35e4bffff,0.0266,24,210,0.114
89489e35e53ffff,0.2539,3,22,0.136
89489e35e5bffff,0.6379,22,163,0.135
89489e35e7bffff,-0.7616,2,28,0.071
89489e35e83ffff,0.6974,181,805,0.225
89489e35e87ffff,0.6371,151,610,0.248
89489e35e8bffff,0.7375,38,436,0.087
89489e35e8fffff,0.7176,104,663,0.157
89489e35e93ffff,0.5278,68,416,0.163
89489e35e97ffff,0.6293,32,172,0.186
89489e35e9bffff,0.3817,23,223,0.103
89489e35ea3ffff,0.7829,18,74,0.243
89489e35ea7ffff,0.7772,12,113,0.106
89489e35eabffff,0.7094,64,262,0.244
89489e35eafffff,0.6735,178,875,0.203
89489e35eb3ffff,0.6806,248,1300,0.191
89489e35ebbffff,0.2856,16,123,0.13
89489e35ec7ffff,0.5767,36,258,0.14
89489e35ecbffff,0.5909,105,626,0.168
89489e35ed7ffff,-0.106,8,51,0.157
89489e35edbffff,0.6444,12,74,0.162
89489e36003ffff,0.1904,8,52,0.154
89489e36007ffff,0.2764,8,65,0.123
89489e3600bffff,0.0943,25,154,0.162
89489e3600fffff,0.7616,7,30,0.233
89489e36017ffff,0.5712,7,76,0.092
89489e3601bffff,0.6284,56,303,0.185
89489e36023ffff,0.7616,6,11,0.545
89489e36033ffff,0.6062,14,97,0.144
89489e36037ffff,-0.7616,1,19,0.053
89489e3603bffff,0.6393,22,185,0.119
89489e36043ffff,0.6328,145,766,0.189
89489e36047ffff,0.4128,102,495,0.206
89489e3604bffff,0.7708,21,96,0.219
89489e3604fffff,0.5585,41,229,0.179
89489e36053ffff,0.457,5,39,0.128
89489e3605bffff,0.6037,83,452,0.184
89489e36063ffff,0.0704,54,292,0.185
89489e3606bffff,-0.0765,12,124,0.097
89489e36073ffff,0.2254,46,204,0.225
89489e36077ffff,0.3264,7,94,0.074
89489e36083ffff,0.5984,28,165,0.17
89489e36087ffff,0.2539,9,42,0.214
89489e3608bffff,-0.7616,1,13,0.077
89489e36097ffff,0.6403,32,184,0.174
89489e3609bffff,-0.7616,1,2,0.5
89489e360a7ffff,0.7616,2,9,0.222
89489e360abffff,0.3336,24,166,0.145
89489e360afffff,0.4681,9,50,0.18
89489e360b3ffff,0.6459,35,289,0.121
89489e360b7ffff,0.7433,78,232,0.336
89489e360bbffff,0.1523,4,36,0.111
89489e360c3ffff,0.3808,4,48,0.083
89489e360c7ffff,0.7599,59,226,0.261
89489e360cfffff,0.5015,38,143,0.266
89489e360d3ffff,0.7616,4,14,0.286
89489e360d7ffff,0.7616,1,7,0.143
89489e360dbffff,0.6323,20,110,0.182
89489e36143ffff,0.1398,6,36,0.167
89489e3614bffff,0.4314,2,10,0.2
89489e3614fffff,0.5965,6,49,0.122
89489e3615bffff,0.5077,6,38,0.158
89489e3618fffff,0.7616,1,12,0.083
89489e361c3ffff,0.6347,10,65,0.154
89489e36203ffff,0.4974,5,44,0.114
89489e36207ffff,0.3288,79,633,0.125
89489e3620bffff,0.069,37,218,0.17
89489e3620fffff,0.8628,2,29,0.069
89489e36217ffff,-0.2539,3,23,0.13
89489e3621bffff,0.0506,4,21,0.19
89489e36223ffff,0.4826,101,630,0.16
89489e36227ffff,0.6377,124,623,0.199
89489e3622bffff,0.6319,107,919,0.116
89489e3622fffff,0.5723,43,288,0.149
89489e36233ffff,0.5584,63,378,0.167
89489e36237ffff,0.7327,47,391,0.12
89489e3623bffff,0.5262,57,386,0.148
89489e36243ffff,0.3417,110,1065,0.103
89489e36247ffff,0.3005,45,423,0.106
89489e3624bffff,0.5606,474,2699,0.176
89489e3624fffff,0.6397,182,1029,0.177
89489e36253ffff,0.4319,55,426,0.129
89489e36257ffff,0.7616,2,45,0.044
89489e3625bffff,0.7616,1,13,0.077
89489e36263ffff,0.5404,64,472,0.136
89489e36267ffff,0.7616,3,17,0.176
89489e3626bffff,0.8066,9,41,0.22
89489e36273ffff,0.4881,157,1014,0.155
89489e36277ffff,0.5162,22,192,0.115
89489e3627bffff,0.3747,77,452,0.17
89489e36283ffff,0.5949,138,722,0.191
89489e36287ffff,0.3126,101,697,0.145
89489e3628bffff,0.4453,17,94,0.181
89489e3628fffff,0.3249,10,110,0.091
89489e36293ffff,0.7722,18,91,0.198
89489e36297ffff,0.7722,19,161,0.118
89489e3629bffff,-0.1656,87,513,0.17
89489e362a3ffff,0.4772,9,45,0.2
89489e362afffff,0.7717,20,87,0.23
89489e362b3ffff,0.4032,15,112,0.134
89489e362b7ffff,0.1651,8,85,0.094
89489e362bbffff,0.5432,20,149,0.134
89489e362c7ffff,0.7616,2,59,0.034
89489e362cfffff,0.0276,20,257,0.078
89489e362d3ffff,0.6486,56,320,0.175
89489e362d7ffff,0.3808,4,17,0.235
89489e3630fffff,0.5077,10,28,0.357
89489e36343ffff,0.7042,135,750,0.18
89489e36347ffff,0.7616,9,24,0.375
89489e3634bffff,0.6352,85,572,0.149
89489e3634fffff,0.1384,47,249,0.189
89489e36353ffff,-0.417,83,309,0.269
89489e36357ffff,0.7616,2,4,0.5
89489e3635bffff,0.66,48,211,0.227
89489e3636bffff,0.4124,31,210,0.148
89489e36377ffff,0.8122,4,24,0.167
89489e3637bffff,0.8291,2,12,0.167
89489e36397ffff,0.7616,1,7,0.143
89489e363c3ffff,0.4061,8,84,0.095
89489e363cbffff,0.5854,65,520,0.125
89489e363cfffff,0.7616,1,17,0.059
89489e363d3ffff,0.5965,8,109,0.073
89489e363dbffff,0.4552,107,962,0.111
89489e36403ffff,0.0,2,35,0.057
89489e36407ffff,0.4835,63,458,0.138
89489e3640bffff,0.6962,14,96,0.146
89489e3640fffff,0.7616,1,15,0.067
89489e36417ffff,-0.7616,1,8,0.125
89489e3641bffff,0.7217,27,123,0.22
89489e36423ffff,0.7616,1,3,0.333
89489e36427ffff,0.2539,3,19,0.158
89489e3642bffff,0.7869,14,48,0.292
89489e36433ffff,0.7005,15,76,0.197
89489e36437ffff,0.7247,22,92,0.239
89489e3643bffff,0.7616,5,46,0.109
89489e36443ffff,0.7616,1,14,0.071
89489e36447ffff,0.6994,49,230,0.213
89489e3644bffff,0.6415,10,73,0.137
89489e3644fffff,0.5246,55,374,0.147
89489e36457ffff,0.6431,43,276,0.156
89489e3645bffff,0.4681,9,69,0.13
89489e36463ffff,0.457,5,17,0.294
89489e36467ffff,0.713,22,107,0.206
89489e36473ffff,0.5712,23,143,0.161
89489e36477ffff,0.7616,4,47,0.085
89489e3647bffff,0.4101,12,107,0.112
89489e3648bffff,0.7616,4,19,0.211
89489e36497ffff,0.2539,3,28,0.107
89489e364a3ffff,0.4886,27,151,0.179
89489e364abffff,0.679,32,203,0.158
89489e364afffff,0.7616,5,29,0.172
89489e364b3ffff,0.7616,1,1,1.0
89489e364b7ffff,0.548,76,260,0.292
89489e364c7ffff,0.454,30,122,0.246
89489e364cbffff,0.5456,75,331,0.227
89489e364cfffff,0.7616,1,1,1.0
89489e364d3ffff,0.3302,3,12,0.25
89489e364d7ffff,0.7616,3,6,0.5
89489e36503ffff,0.7616,6,30,0.2
89489e36543ffff,0.788,21,94,0.223
89489e36547ffff,0.7616,1,2,0.5
89489e3654bffff,0.5271,65,336,0.193
89489e3654fffff,0.4291,21,47,0.447
89489e36553ffff,0.7616,9,38,0.237
89489e36557ffff,0.7616,9,47,0.191
89489e3655bffff,0.6488,27,180,0.15
89489e3656fffff,0.7616,1,1,1.0
89489e3657bffff,0.7616,2,12,0.167
89489e36583ffff,0.7895,26,101,0.257
89489e36597ffff,0.5477,33,186,0.177
89489e3659bffff,0.5365,30,90,0.333
89489e365a7ffff,0.544,6,54,0.111
89489e365b3ffff,0.8352,9,23,0.391
89489e365c3ffff,0.6415,11,59,0.186
89489e365cbffff,0.6239,55,279,0.197
89489e365cfffff,0.7077,47,277,0.17
89489e365d3ffff,0.2621,35,154,0.227
89489e365dbffff,0.7193,34,152,0.224
89489e36603ffff,0.7118,47,246,0.191
89489e36607ffff,0.7616,2,14,0.143
89489e3660bffff,-0.7616,1,2,0.5
89489e3660fffff,0.7761,12,49,0.245
89489e36613ffff,0.1088,11,133,0.083
89489e36617ffff,0.3808,4,11,0.364
89489e3661bffff,-0.1015,27,178,0.152
89489e36623ffff,0.7616,1,8,0.125
89489e36627ffff,0.6135,189,1001,0.189
89489e3662bffff,0.6143,112,569,0.197
89489e3662fffff,0.4333,76,363,0.209
89489e36633ffff,0.272,79,507,0.156
89489e36637ffff,0.8291,3,10,0.3
89489e3663bffff,0.3242,13,116,0.112
89489e36643ffff,0.4352,39,249,0.157
89489e36647ffff,0.5721,103,648,0.159
89489e3664bffff,0.3342,23,86,0.267
89489e3664fffff,0.5842,59,463,0.127
89489e36653ffff,0.7818,10,69,0.145
89489e3665bffff,0.6882,18,87,0.207
89489e36667ffff,0.5725,33,228,0.145
89489e3666bffff,0.3808,7,35,0.2
89489e3666fffff,0.2968,89,529,0.168
89489e36673ffff,0.5924,9,70,0.129
89489e36677ffff,0.7138,43,197,0.218
89489e3667bffff,0.7616,2,10,0.2
89489e36683ffff,0.4446,30,330,0.091
89489e36687ffff,0.4352,27,203,0.133
89489e3668bffff,0.6477,57,306,0.186
89489e3668fffff,0.4765,25,238,0.105
89489e36693ffff,0.1028,37,389,0.095
89489e3669bffff,0.6261,18,119,0.151
89489e366a3ffff,0.0294,16,135,0.119
89489e366a7ffff,0.3892,21,98,0.214
89489e366abffff,0.6231,10,52,0.192
89489e366afffff,0.7616,4,22,0.182
89489e366b3ffff,0.4681,8,63,0.127
89489e366b7ffff,0.5319,138,917,0.15
89489e366bbffff,0.7616,3,21,0.143
89489e366c3ffff,0.7616,2,8,0.25
89489e366c7ffff,0.0799,7,57,0.123
89489e366cbffff,0.7616,2,3,0.667
89489e366cfffff,0.1383,28,282,0.099
89489e366d3ffff,-0.7616,1,4,0.25
89489e3682fffff,0.3808,4,26,0.154
89489e3684bffff,-0.2539,2,12,0.167
89489e3686bffff,0.6945,48,291,0.165
89489e3686fffff,0.7616,4,25,0.16
89489e36877ffff,0.7616,1,5,0.2
89489e36a0fffff,0.7869,7,25,0.28
89489e36a43ffff,0.7616,1,1,1.0
89489e36a47ffff,0.7616,1,5,0.2
89489e36a53ffff,0.3553,10,80,0.125
89489e36a5bffff,0.457,15,97,0.155
89489e36a6fffff,0.7616,2,12,0.167
89489e36a73ffff,0.7616,12,129,0.093
89489e36a7bffff,0.7616,1,1,1.0
89489e36a8bffff,0.5415,6,37,0.162
89489e36a9bffff,0.8628,1,8,0.125
89489e36ad3ffff,0.6001,246,1127,0.218
89489e36ad7ffff,0.7847,34,102,0.333
89489e36b13ffff,0.6839,55,222,0.248
89489e36b33ffff,0.407,55,471,0.117
89489e36b57ffff,0.3278,11,73,0.151
89489e36b8fffff,0.5712,5,8,0.625
89489e36b9bffff,0.8122,4,10,0.4
89489e36babffff,0.7616,9,60,0.15
89489e36bbbffff,0.7841,9,68,0.132
89489e36c4fffff,0.1904,8,51,0.157
89489e36c5bffff,0.7616,1,1,1.0
89489e36c93ffff,0.7254,29,125,0.232
89489e36e4bffff,0.7616,2,38,0.053
89489e36e4fffff,0.4101,13,60,0.217
89489e36e63ffff,-0.1904,8,79,0.101
89489e36e6bffff,0.7616,1,4,0.25
89489e37003ffff,0.4497,14,82,0.171
89489e37007ffff,0.4411,27,112,0.241
89489e3700bffff,0.3608,36,216,0.167
89489e3700fffff,0.3808,8,82,0.098
89489e37013ffff,0.6548,34,130,0.262
89489e3701bffff,0.3555,4,22,0.182
89489e37023ffff,0.0225,119,1316,0.09
89489e37027ffff,0.1593,110,878,0.125
89489e3702bffff,0.7616,5,45,0.111
89489e3702fffff,0.4457,112,766,0.146
89489e37033ffff,0.068,56,474,0.118
89489e37037ffff,0.2929,22,256,0.086
89489e37047ffff,0.6171,58,236,0.246
89489e3704fffff,0.8291,3,18,0.167
89489e37057ffff,0.707,27,114,0.237
89489e37067ffff,0.4367,9,99,0.091
89489e3706bffff,0.2707,12,89,0.135
89489e3706fffff,-0.2929,11,131,0.084
89489e37073ffff,0.4847,11,79,0.139
89489e3707bffff,0.7984,11,100,0.11
89489e37087ffff,0.2876,6,49,0.122
89489e3708fffff,-0.1277,31,168,0.185
89489e37097ffff,0.2856,16,175,0.091
89489e370a3ffff,0.0763,78,635,0.123
89489e370a7ffff,0.6849,48,342,0.14
89489e370abffff,0.2539,3,33,0.091
89489e370afffff,0.3667,26,208,0.125
89489e370b3ffff,0.6116,79,616,0.128
89489e370b7ffff,0.66,12,71,0.169
89489e370bbffff,0.3218,119,711,0.167
89489e370c7ffff,-0.3036,43,217,0.198
89489e37103ffff,0.622,123,933,0.132
89489e37107ffff,0.5403,102,620,0.165
89489e3710bffff,0.4737,232,1515,0.153
89489e3710fffff,0.6975,388,1854,0.209
89489e37113ffff,0.5025,129,935,0.138
89489e37117ffff,0.4757,37,239,0.155
89489e3711bffff,0.4102,115,645,0.178
89489e37123ffff,0.3805,337,3201,0.105
89489e37127ffff,0.5724,279,1896,0.147
89489e3712bffff,0.3808,316,2755,0.115
89489e3712fffff,0.6562,126,764,0.165
89489e37133ffff,0.5055,87,737,0.118
89489e37137ffff,0.6372,222,1507,0.147
89489e3713bffff,0.2068,162,1020,0.159
89489e37143ffff,0.1864,3,22,0.136
89489e37147ffff,0.7199,175,897,0.195
89489e3714bffff,0.3166,152,995,0.153
89489e3714fffff,0.3276,84,514,0.163
89489e37153ffff,0.6003,31,202,0.153
89489e37157ffff,0.6699,57,322,0.177
89489e3715bffff,0.6036,52,340,0.153
89489e37163ffff,0.591,335,1784,0.188
89489e37167ffff,0.5534,386,2536,0.152
89489e3716bffff,0.6239,125,715,0.175
89489e3716fffff,0.5567,494,2473,0.2
89489e37173ffff,0.6177,155,1061,0.146
89489e37177ffff,0.6257,644,3505,0.184
89489e3717bffff,0.5343,202,959,0.211
89489e37187ffff,0.3629,23,222,0.104
89489e3718bffff,0.526,23,143,0.161
89489e3718fffff,0.4897,123,614,0.2
89489e37193ffff,0.6393,90,562,0.16
89489e37197ffff,-0.1523,5,43,0.116
89489e371a3ffff,0.4706,91,921,0.099
89489e371a7ffff,0.5112,69,551,0.125
89489e371abffff,0.1293,19,161,0.118
89489e371afffff,0.5149,24,166,0.145
89489e371b3ffff,0.712,353,1537,0.23
89489e371b7ffff,0.2575,52,440,0.118
89489e371bbffff,0.4873,18,135,0.133
89489e371c3ffff,0.679,16,241,0.066
89489e371c7ffff,0.4338,21,181,0.116
89489e371cbffff,0.0992,20,141,0.142
89489e371d3ffff,0.5415,6,60,0.1
89489e371d7ffff,0.6227,65,504,0.129
89489e371dbffff,0.5431,32,237,0.135
89489e37203ffff,0.6839,34,152,0.224
89489e3720bffff,0.1309,17,163,0.104
89489e3720fffff,0.4921,70,393,0.178
89489e37213ffff,0.7953,6,80,0.075
89489e3721bffff,-0.4151,13,104,0.125
89489e37223ffff,-0.1928,5,23,0.217
89489e37227ffff,0.5838,16,142,0.113
89489e37237ffff,0.1893,9,98,0.092
89489e37243ffff,0.6551,21,142,0.148
89489e37247ffff,0.237,10,69,0.145
89489e3724fffff,0.0677,39,234,0.167
89489e37253ffff,0.6062,112,863,0.13
89489e37257ffff,0.0778,14,144,0.097
89489e3725bffff,0.8122,4,57,0.07
89489e37263ffff,0.5008,33,284,0.116
89489e3726bffff,0.0202,18,195,0.092
89489e37273ffff,-0.2657,8,115,0.07
89489e3727bffff,0.0117,41,348,0.118
89489e37283ffff,0.44,34,347,0.098
89489e3728bffff,0.112,128,1205,0.106
89489e37293ffff,0.8122,8,109,0.073
89489e3729bffff,0.1505,43,401,0.107
89489e372a3ffff,0.6031,24,161,0.149
89489e372a7ffff,0.7616,12,126,0.095
89489e372abffff,0.491,13,59,0.22
89489e372afffff,0.0961,64,798,0.08
89489e372b3ffff,0.7616,5,46,0.109
89489e372b7ffff,0.7905,27,168,0.161
89489e372bbffff,0.544,7,65,0.108
89489e372c3ffff,0.4974,5,77,0.065
89489e372c7ffff,0.7616,4,76,0.053
89489e372cbffff,0.1015,30,382,0.079
89489e372cfffff,0.4417,67,419,0.16
89489e372d3ffff,0.3272,17,115,0.148
89489e372d7ffff,0.2298,34,480,0.071
89489e372dbffff,0.4642,69,510,0.135
89489e37307ffff,0.7708,21,197,0.107
89489e3730bffff,0.1309,15,69,0.217
89489e3730fffff,0.5137,637,3762,0.169
89489e37313ffff,0.3178,24,186,0.129
89489e37317ffff,0.5656,52,459,0.113
89489e37323ffff,0.4459,321,2094,0.153
89489e37327ffff,0.482,580,4598,0.126
89489e3732bffff,0.4894,456,3953,0.115
89489e3732fffff,0.392,184,1335,0.138
89489e37333ffff,0.5693,187,1268,0.147
89489e37337ffff,0.2374,157,1001,0.157
89489e3733bffff,0.4551,445,2938,0.151
89489e37347ffff,0.964,1,2,0.5
89489e37363ffff,0.3128,91,1137,0.08
89489e37367ffff,-0.2462,424,3233,0.131
89489e3736bffff,0.3949,463,3726,0.124
89489e3736fffff,0.1828,153,1657,0.092
89489e37373ffff,0.5197,304,2143,0.142
89489e37377ffff,0.5009,815,5500,0.148
89489e3737bffff,0.3781,251,1824,0.138
89489e37383ffff,-0.7616,2,32,0.062
89489e37387ffff,0.5865,109,710,0.154
89489e3738bffff,0.1321,10,117,0.085
89489e3738fffff,0.3199,34,260,0.131
89489e37393ffff,0.2668,68,703,0.097
89489e37397ffff,0.2688,65,460,0.141
89489e3739bffff,0.108,18,281,0.064
89489e373a3ffff,0.431,129,853,0.151
89489e373a7ffff,-0.0182,110,823,0.134
89489e373afffff,0.7616,1,6,0.167
89489e373b3ffff,-0.1308,209,1194,0.175
89489e373b7ffff,0.6544,376,1809,0.208
89489e373bbffff,-0.1762,172,1108,0.155
89489e373c7ffff,0.7616,4,54,0.074
89489e373cfffff,0.457,4,50,0.08
89489e373d3ffff,0.7616,2,35,0.057
89489e373d7ffff,0.4307,31,414,0.075
89489e373dbffff,0.0,2,35,0.057
89489e37403ffff,0.7751,14,81,0.173
89489e37413ffff,0.0914,25,251,0.1
89489e37417ffff,0.432,44,396,0.111
89489e3741bffff,0.2697,113,1000,0.113
89489e37483ffff,0.4305,46,384,0.12
89489e37487ffff,-0.7616,2,23,0.087
89489e3748bffff,0.5432,18,145,0.124
89489e3748fffff,0.3977,10,62,0.161
89489e37497ffff,0.4259,148,1100,0.135
89489e3749bffff,0.3808,7,99,0.071
89489e374a3ffff,-0.247,31,338,0.092
89489e374a7ffff,0.1893,11,68,0.162
89489e374afffff,0.3462,10,86,0.116
89489e374b3ffff,-0.0664,24,222,0.108
89489e374b7ffff,0.2539,3,24,0.125
89489e374bbffff,-0.1523,5,36,0.139
89489e374c7ffff,0.6373,46,314,0.146
89489e3751bffff,-0.0448,15,187,0.08
89489e37527ffff,0.4115,34,332,0.102
89489e3752bffff,0.5368,231,1343,0.172
89489e3752fffff,0.6573,106,626,0.169
89489e3754bffff,0.5344,53,468,0.113
89489e37567ffff,0.5459,68,369,0.184
89489e3756bffff,0.6525,54,337,0.16
89489e37587ffff,0.7616,2,41,0.049
89489e375abffff,0.457,5,36,0.139
89489e375b3ffff,0.5654,56,329,0.17
89489e375b7ffff,0.6688,31,276,0.112
89489e375bbffff,0.4314,4,16,0.25
89489e37617ffff,0.6218,8,36,0.222
89489e3762bffff,0.7616,2,23,0.087
89489e37663ffff,0.6178,19,164,0.116
89489e3766bffff,0.544,7,56,0.125
89489e3766fffff,-0.4624,52,269,0.193
89489e376c3ffff,0.4885,52,324,0.16
89489e376c7ffff,0.7927,13,59,0.22
89489e376cbffff,0.6813,90,616,0.146
89489e376d3ffff,0.5077,6,26,0.231
89489e376d7ffff,0.7616,6,12,0.5
89489e376dbffff,0.5331,20,219,0.091
89489ea99a3ffff,0.7616,1,1,1.0
89489eac227ffff,0.7616,4,27,0.148
89489eac237ffff,0.6449,43,175,0.246
89489eac267ffff,0.8122,4,51,0.078
89489eac2a3ffff,0.4257,13,102,0.127
89489eac2a7ffff,0.5585,15,83,0.181
89489eac2afffff,0.4705,15,57,0.263
89489eac31bffff,0.7616,11,17,0.647
89489eac32bffff,0.7616,1,28,0.036
89489eac34fffff,0.7616,2,16,0.125
89489eac363ffff,0.7616,4,17,0.235
89489eac36fffff,0.5077,5,28,0.179
89489eac383ffff,0.8021,5,33,0.152
89489eac38bffff,0.7953,5,33,0.152
89489eac39bffff,0.8122,3,13,0.231
89489eac3a7ffff,0.8628,2,12,0.167
89489eac3abffff,0.7616,2,16,0.125
89489eac3dbffff,0.7953,5,31,0.161
89489eac803ffff,0.0,2,21,0.095
89489eac807ffff,0.7616,2,9,0.222
89489eac81bffff,0.7616,1,1,1.0
89489eac823ffff,0.5629,22,152,0.145
89489eac827ffff,0.7616,3,16,0.188
89489eac82bffff,0.7616,5,44,0.114
89489eac82fffff,0.5943,14,93,0.151
89489eac83bffff,0.7616,4,31,0.129
89489eac843ffff,0.7841,9,34,0.265
89489eac84fffff,0.7616,2,13,0.154
89489eac863ffff,0.8628,2,3,0.667
89489eac867ffff,0.5381,43,250,0.172
89489eac86bffff,0.7616,2,6,0.333
89489eac86fffff,0.6882,18,145,0.124
89489eac873ffff,0.625,133,719,0.185
89489eac877ffff,0.4393,41,232,0.177
89489eac883ffff,0.7616,2,25,0.08
89489eac88fffff,0.6657,18,113,0.159
89489eac893ffff,0.7616,1,8,0.125
89489eac897ffff,0.7616,1,6,0.167
89489eac8abffff,0.7616,2,9,0.222
89489eac8c3ffff,0.7616,2,8,0.25
89489eac907ffff,0.6196,59,198,0.298
89489eac957ffff,0.5881,45,179,0.251
89489eac983ffff,0.7276,38,106,0.358
89489eac987ffff,0.7616,5,21,0.238
89489eac9cfffff,0.4928,16,70,0.229
89489eaca03ffff,0.7616,1,8,0.125
89489eaca07ffff,0.6515,12,60,0.2
89489eaca17ffff,0.7616,1,10,0.1
89489eaca23ffff,0.7616,4,33,0.121
89489eaca27ffff,0.3249,10,35,0.286
89489eaca2bffff,0.7841,16,100,0.16
89489eaca2fffff,0.7051,33,171,0.193
89489eaca37ffff,0.6331,32,180,0.178
89489eaca43ffff,0.723,29,164,0.177
89489eaca47ffff,0.672,16,155,0.103
89489eaca4bffff,0.457,38,271,0.14
89489eaca4fffff,-0.5077,5,25,0.2
89489eaca5bffff,0.7616,2,3,0.667
89489eaca63ffff,0.6049,22,138,0.159
89489eaca6bffff,0.7616,2,10,0.2
89489eaca73ffff,0.7785,12,27,0.444
89489eaca77ffff,0.2595,32,155,0.206
89489eaca8fffff,0.7616,4,30,0.133
89489eacaabffff,0.7616,1,2,0.5
89489eacab7ffff,0.7616,1,22,0.045
89489eacabbffff,0.7616,2,21,0.095
89489eacac3ffff,0.5729,7,88,0.08
89489eacacbffff,0.5729,7,59,0.119
89489eacad3ffff,0.7953,6,37,0.162
89489eacb0fffff,0.7616,3,15,0.2
89489eacb13ffff,0.6917,28,95,0.295
89489eacb1bffff,0.7616,1,1,1.0
89489eacb27ffff,-0.7616,1,17,0.059
89489eacb2bffff,0.7616,2,11,0.182
89489eacb2fffff,0.5047,13,49,0.265
89489eacb37ffff,0.8015,15,71,0.211
89489eacb3bffff,0.6921,18,85,0.212
89489eacb43ffff,0.7616,5,16,0.312
89489eacb5bffff,0.3462,10,53,0.189
89489eacb67ffff,0.6227,101,815,0.124
89489eacb6bffff,0.8168,11,74,0.149
89489eacb6fffff,0.5106,7,51,0.137
89489eacb77ffff,0.6493,19,87,0.218
89489eacb7bffff,0.805,14,50,0.28
89489eacb83ffff,0.7616,11,83,0.133
89489eacb87ffff,0.5415,6,56,0.107
89489eacb8bffff,0.6559,73,302,0.242
89489eacb8fffff,0.7383,64,262,0.244
89489eacb93ffff,0.7616,1,10,0.1
89489eacbafffff,0.1012,1,2,0.5
89489eacbcbffff,0.7202,27,209,0.129
89489eacbcfffff,-0.7616,1,5,0.2
89489eacbd3ffff,0.6209,20,120,0.167
89489eacbd7ffff,0.2016,31,175,0.177
89489eacbdbffff,0.7107,18,126,0.143
89489eacc2fffff,0.5415,5,16,0.312
89489eacc33ffff,0.2746,18,141,0.128
89489eacc43ffff,0.7616,1,7,0.143
89489eacc5bffff,0.4424,26,180,0.144
89489eacc6fffff,0.7616,5,38,0.132
89489eacd0bffff,0.7616,1,18,0.056
89489eacd23ffff,0.7616,4,14,0.286
89489eacd3bffff,0.7616,1,11,0.091
89489eacd43ffff,0.7616,5,17,0.294
89489eacd47ffff,0.7616,1,6,0.167
89489eacd5bffff,0.7616,1,2,0.5
89489eacd73ffff,0.457,5,16,0.312
89489eacd9bffff,0.1758,10,65,0.154
89489eacdb7ffff,0.544,7,48,0.146
89489eacdd3ffff,0.7616,1,10,0.1
89489eace0bffff,0.5729,7,47,0.149
89489eace23ffff,0.8122,4,16,0.25
89489eace27ffff,0.544,7,56,0.125
89489eace2bffff,0.7616,1,2,0.5
89489eace33ffff,0.6251,32,149,0.215
89489eace37ffff,0.6358,20,138,0.145
89489eace3bffff,0.7616,5,39,0.128
89489eace63ffff,0.8291,3,12,0.25
89489eace6bffff,0.3808,4,57,0.07
89489eace73ffff,-0.0396,8,71,0.113
89489eace7bffff,0.7397,49,171,0.287
89489eace8fffff,0.6062,14,61,0.23
89489eacea3ffff,0.7177,55,133,0.414
89489eaceafffff,0.6148,8,23,0.348
89489eaceb7ffff,-0.1385,21,92,0.228
89489eacec7ffff,0.7953,6,29,0.207
89489ead047ffff,0.684,49,184,0.266
89489ead243ffff,0.457,5,29,0.172
89489ead24bffff,0.964,1,11,0.091
89489ead24fffff,0.5531,14,40,0.35
89489ead2d7ffff,0.3808,4,21,0.19
89489ead30bffff,0.7616,1,2,0.5
89489ead30fffff,0.6806,69,243,0.284
89489ead323ffff,0.6789,51,148,0.345
89489ead32bffff,0.5712,8,18,0.444
89489ead32fffff,0.7616,3,20,0.15
89489ead33bffff,0.6867,56,223,0.251
89489ead367ffff,0.7153,101,494,0.204
89489ead377ffff,0.6494,92,337,0.273
89489ead817ffff,0.7616,3,8,0.375
89489ead823ffff,0.6314,31,340,0.091
89489ead827ffff,0.3808,8,67,0.119
89489ead82fffff,0.5211,18,118,0.153
89489ead863ffff,0.677,15,79,0.19
89489ead867ffff,-0.7616,1,36,0.028
89489ead86bffff,0.5077,6,54,0.111
89489ead86fffff,0.7616,7,53,0.132
89489ead873ffff,0.7616,1,10,0.1
89489ead877ffff,0.7616,5,45,0.111
89489ead8a3ffff,0.1344,16,86,0.186
89489ead8afffff,0.5219,50,178,0.281
89489ead8b3ffff,0.7083,56,281,0.199
89489ead8b7ffff,-0.7616,1,6,0.167
89489ead8dbffff,0.5712,8,72,0.111
89489ead907ffff,0.6515,11,50,0.22
89489ead90bffff,0.7616,1,5,0.2
89489ead917ffff,0.7616,2,12,0.167
89489ead923ffff,0.5633,21,125,0.168
89489ead927ffff,0.7717,39,209,0.187
89489ead92bffff,0.6559,141,660,0.214
89489ead92fffff,0.649,37,220,0.168
89489ead933ffff,0.7616,1,4,0.25
89489ead937ffff,0.5422,23,113,0.204
89489ead93bffff,0.7418,34,114,0.298
89489ead943ffff,0.7616,1,3,0.333
89489ead947ffff,0.7616,1,3,0.333
89489ead953ffff,0.2539,3,32,0.094
89489ead95bffff,0.6537,14,73,0.192
89489ead967ffff,0.5129,28,124,0.226
89489ead973ffff,0.5246,11,62,0.177
89489ead977ffff,0.4668,26,104,0.25
89489ead987ffff,0.3598,41,302,0.136
89489ead9a3ffff,0.7616,1,24,0.042
89489ead9a7ffff,-0.0586,13,120,0.108
89489ead9b3ffff,0.5031,21,147,0.143
89489ead9b7ffff,0.7616,1,7,0.143
89489ead9bbffff,0.7616,2,42,0.048
89489ead9d3ffff,0.7616,2,3,0.667
89489eada27ffff,0.5077,6,28,0.214
89489eada2fffff,0.7616,1,16,0.062
89489eada37ffff,0.671,12,32,0.375
89489eada83ffff,0.7616,5,29,0.172
89489eada93ffff,0.6897,23,89,0.258
89489eada97ffff,0.3808,4,13,0.308
89489eadac7ffff,0.4847,11,45,0.244
89489eadacfffff,0.4907,18,111,0.162
89489eadad3ffff,0.5791,51,373,0.137
89489eadb03ffff,0.0508,9,49,0.184
89489eadb07ffff,0.6194,19,104,0.183
89489eadb0bffff,0.2929,12,134,0.09
89489eadb17ffff,0.8122,4,22,0.182
89489eadb1bffff,0.7616,3,49,0.061
89489eadb43ffff,0.3315,145,1203,0.121
89489eadb47ffff,0.3808,12,167,0.072
89489eadb4bffff,0.2176,13,76,0.171
89489eadb57ffff,-0.611,25,157,0.159
89489eadb5bffff,0.474,6,46,0.13
89489eadb63ffff,0.4061,24,170,0.141
89489eadb6bffff,0.7616,3,12,0.25
89489eadb6fffff,-0.2504,8,61,0.131
89489eadb73ffff,0.413,35,313,0.112
89489eadb77ffff,0.3808,8,73,0.11
89489eadb7bffff,0.0,6,36,0.167
89489eadb83ffff,-0.0586,12,114,0.105
89489eadb8bffff,0.8021,4,29,0.138
89489eadb8fffff,-0.5441,5,66,0.076
89489eadb93ffff,0.5712,7,76,0.092
89489eadbabffff,0.7616,3,45,0.067
89489eadbb7ffff,0.7616,3,8,0.375
89489eadbc3ffff,0.4898,36,268,0.134
89489eadbc7ffff,0.474,5,21,0.238
89489eadbcbffff,0.5129,34,276,0.123
89489eadbcfffff,-0.1847,23,213,0.108
89489eadbd3ffff,0.3998,31,225,0.138
89489eadbd7ffff,0.3808,4,13,0.308
89489eadc0fffff,0.457,5,9,0.556
89489eadc13ffff,0.72,21,90,0.233
89489eadc17ffff,0.7616,1,4,0.25
89489eadc3bffff,-0.0506,3,14,0.214
89489eadc7bffff,0.7616,1,3,0.333
89489eadc83ffff,0.6148,8,73,0.11
89489eadc8bffff,0.8021,4,16,0.25
89489eadc93ffff,0.7688,27,83,0.325
89489eadc97ffff,0.5875,47,223,0.211
89489eadc9bffff,0.5077,12,59,0.203
89489eadd03ffff,0.7616,7,41,0.171
89489eadd0bffff,0.6203,22,123,0.179
89489eadd1bffff,0.7616,1,27,0.037
89489eadd47ffff,0.7616,1,5,0.2
89489eadd57ffff,0.7616,3,5,0.6
89489eadd67ffff,0.7616,2,5,0.4
89489eadd8bffff,-0.3808,3,16,0.188
89489eade07ffff,0.4246,21,124,0.169
89489eade0fffff,0.7616,3,19,0.158
89489eade13ffff,0.7616,6,29,0.207
89489eade23ffff,0.5509,26,150,0.173
89489eade2fffff,0.457,9,60,0.15
89489eade33ffff,0.8426,5,59,0.085
89489eade3bffff,0.5712,8,49,0.163
89489eade47ffff,0.6684,81,454,0.178
89489eade4bffff,0.6732,11,71,0.155
89489eade4fffff,0.7616,1,1,1.0
89489eade5bffff,0.5657,27,152,0.178
89489eade63ffff,0.7616,1,4,0.25
89489eade67ffff,0.3824,14,37,0.378
89489eade6fffff,0.8122,4,11,0.364
89489eade7bffff,0.66,192,1089,0.176
89489eade8bffff,0.3264,7,40,0.175
89489eadeabffff,0.6148,8,38,0.211
89489eadeafffff,0.7616,11,45,0.244
89489eadeb3ffff,-0.1864,3,58,0.052
89489eadebbffff,0.6415,20,74,0.27
89489eaeb6bffff,0.7616,1,4,0.25
