h3,noise_311
8948985022fffff,1
89489850cbbffff,1
894898514cfffff,1
894898514d3ffff,1
89489852e4bffff,1
89489853257ffff,1
8948985326bffff,1
89489853327ffff,1
8948985336fffff,1
8948985345bffff,1
8948985a047ffff,1
8948985a4d3ffff,4
8948985b173ffff,2
8948985b4afffff,1
8948985b693ffff,1
8948985b6d3ffff,1
894898c800fffff,1
894898c8073ffff,1
894898c808bffff,1
894898c8253ffff,2
894898c82c7ffff,1
894898c8323ffff,1
894898c8543ffff,1
894898c854fffff,1
894898c858fffff,1
894898c8a97ffff,1
894898c8e0bffff,2
894898c8e53ffff,1
894898c8ec3ffff,1
894898c9017ffff,2
894898c9023ffff,1
894898c902bffff,4
894898c9033ffff,1
894898c9067ffff,1
894898c906bffff,4
894898c906fffff,10
894898c9077ffff,1
894898c9083ffff,6
894898c908bffff,1
894898c908fffff,1
894898c90abffff,1
894898c914bffff,12
894898c914fffff,1
894898c918fffff,1
894898c9223ffff,3
894898c9233ffff,12
894898c9237ffff,1
894898c92a3ffff,1
894898c92afffff,2
894898c9313ffff,2
894898c932fffff,48
894898c9337ffff,5
894898c9383ffff,1
894898c9387ffff,17
894898c938bffff,1
894898c938fffff,20
894898c93a3ffff,4
894898c93abffff,42
894898c93afffff,30
894898c93b7ffff,1
894898c93dbffff,16
894898c94afffff,2
894898c94b7ffff,1
894898c952bffff,1
894898c9537ffff,1
894898c95cfffff,3
894898c9853ffff,1
894898c9c47ffff,1
894898c9c77ffff,1
894898c9e0fffff,1
894898c9ecbffff,3
894898ca247ffff,2
894898ca2dbffff,2
894898ca683ffff,2
894898ca6a3ffff,1
894898cacb7ffff,1
894898cb063ffff,1
894898cb15bffff,1
894898cb1cfffff,1
894898cb243ffff,1
894898cb253ffff,5
894898cb2cbffff,4
894898cb2dbffff,1
894898cb303ffff,1
894898cb30bffff,2
894898cb343ffff,5
894898cb347ffff,1
894898cb34fffff,3
894898cb3c3ffff,29
894898cb3cbffff,1
894898cb3d3ffff,9
894898d8313ffff,1
894898d85abffff,1
894898d85bbffff,4
894898d8603ffff,1
894898d861bffff,4
894898d86c7ffff,1
894898d86dbffff,2
894898d9003ffff,5
894898d900bffff,3
894898d900fffff,3
894898d9013ffff,6
894898d901bffff,7
894898d9023ffff,3
894898d9027ffff,5
894898d902bffff,1
894898d902fffff,4
894898d9033ffff,3
894898d9037ffff,2
894898d903bffff,13
894898d9043ffff,18
894898d9047ffff,6
894898d904fffff,14
894898d9053ffff,3
894898d9057ffff,3
894898d905bffff,1
894898d9063ffff,12
894898d906fffff,1
894898d9077ffff,5
894898d907bffff,6
894898d9083ffff,1
894898d908fffff,1
894898d9093ffff,1
894898d909bffff,5
894898d90abffff,5
894898d90afffff,1
894898d90b3ffff,2
894898d90bbffff,3
894898d90c3ffff,2
894898d90c7ffff,1
894898d90cbffff,3
894898d90cfffff,2
894898d90d3ffff,10
894898d90d7ffff,3
894898d9103ffff,5
894898d910fffff,12
894898d9113ffff,3
894898d911bffff,26
894898d9123ffff,12
894898d9127ffff,3
894898d912fffff,5
894898d9133ffff,7
894898d9137ffff,1
894898d913bffff,7
894898d9143ffff,3
894898d914bffff,3
894898d914fffff,20
894898d9153ffff,7
894898d9157ffff,10
894898d915bffff,12
894898d9163ffff,6
894898d9167ffff,1
894898d916fffff,5
894898d9173ffff,4
894898d9177ffff,2
894898d917bffff,8
894898d9193ffff,1
894898d91abffff,1
894898d91c7ffff,1
894898d91cbffff,4
894898d91cfffff,1
894898d91dbffff,1
894898d9203ffff,1
894898d9207ffff,2
894898d920fffff,5
894898d9213ffff,3
894898d9217ffff,1
894898d921bffff,1
894898d9223ffff,1
894898d9227ffff,6
894898d922fffff,2
894898d9237ffff,2
894898d923bffff,4
894898d9243ffff,35
894898d9247ffff,26
894898d924fffff,6
894898d9253ffff,1
894898d925bffff,1
894898d9263ffff,2
894898d9267ffff,1
894898d926fffff,2
894898d927bffff,60
894898d9283ffff,6
894898d9287ffff,2
894898d9293ffff,8
894898d9297ffff,9
894898d92a3ffff,2
894898d92abffff,12
894898d92b3ffff,7
894898d92b7ffff,2
894898d92bbffff,4
894898d92c3ffff,1
894898d92c7ffff,2
894898d92cbffff,3
894898d92d3ffff,3
894898d92dbffff,1
894898d930bffff,18
894898d9323ffff,2
894898d9327ffff,1
894898d932fffff,3
894898d9333ffff,1
894898d9337ffff,1
894898d9343ffff,2
894898d9353ffff,1
894898d935bffff,1
894898d936bffff,4
894898d936fffff,1
894898d937bffff,4
894898d9383ffff,4
894898d938fffff,9
894898d9393ffff,1
894898d9397ffff,3
894898d939bffff,2
894898d93a3ffff,3
894898d93a7ffff,9
894898d93afffff,5
894898d93b3ffff,1
894898d93bbffff,1
894898d93c3ffff,4
894898d93d7ffff,1
894898d9413ffff,2
894898d9417ffff,1
894898d9427ffff,2
894898d942bffff,1
894898d942fffff,2
894898d9437ffff,1
894898d943bffff,1
894898d9443ffff,4
894898d944bffff,3
894898d944fffff,2
894898d9463ffff,20
894898d9467ffff,2
894898d946bffff,1
894898d946fffff,5
894898d9473ffff,1
894898d947bffff,3
894898d94a3ffff,6
894898d94b3ffff,1
894898d94bbffff,2
894898d94c3ffff,2
894898d94c7ffff,1
894898d94cbffff,1
894898d94d7ffff,1
894898d9547ffff,2
894898d9553ffff,1
894898d9557ffff,7
894898d955bffff,1
894898d9563ffff,4
894898d9573ffff,5
894898d9577ffff,1
894898d957bffff,4
894898d9593ffff,4
894898d959bffff,1
894898d95cbffff,3
894898d9603ffff,2
894898d9607ffff,5
894898d960bffff,5
894898d960fffff,4
894898d9613ffff,1
894898d9617ffff,2
894898d961bffff,6
894898d9623ffff,3
894898d962bffff,7
894898d9633ffff,86
894898d963bffff,14
894898d9643ffff,9
894898d9647ffff,4
894898d964bffff,14
894898d964fffff,13
894898d9653ffff,2
894898d9657ffff,5
894898d965bffff,14
894898d9667ffff,7
894898d966bffff,2
894898d966fffff,3
894898d9673ffff,12
894898d9677ffff,5
894898d967bffff,3
894898d9683ffff,1
894898d9687ffff,2
894898d968fffff,2
894898d9697ffff,3
894898d96a3ffff,15
894898d96abffff,5
894898d96afffff,1
894898d96b3ffff,3
894898d96bbffff,1
894898d96c3ffff,2
894898d96c7ffff,3
894898d96cbffff,57
894898d96cfffff,6
894898d96d3ffff,1
894898d96d7ffff,1
894898d96dbffff,2
894898d9c0bffff,1
894898d9c0fffff,2
894898d9c43ffff,11
894898d9c4fffff,188
894898d9c63ffff,6
894898d9c6bffff,3
894898d9c6fffff,13
894898d9c73ffff,3
894898d9c7bffff,7
894898d9cb7ffff,2
894898d9ccbffff,2
894898d9e07ffff,5
894898d9e0bffff,1
894898d9e17ffff,19
894898d9e1bffff,6
894898d9e43ffff,1
894898d9e53ffff,3
894898d9e57ffff,3
894898d9e5bffff,1
894898d9e83ffff,37
894898d9e87ffff,9
894898d9e8bffff,2
894898d9e8fffff,2
894898d9e97ffff,15
894898d9e9bffff,12
894898d9ea7ffff,9
894898d9eb3ffff,9
894898d9eb7ffff,15
894898d9ebbffff,3
894898d9ec3ffff,12
894898d9ec7ffff,41
894898d9ecbffff,5
894898d9ecfffff,1
894898d9ed3ffff,3
894898d9ed7ffff,11
894898d9edbffff,6
894898dae7bffff,1
894898daeb7ffff,2
894898db023ffff,2
894898db04bffff,1
894898db04fffff,5
894898db103ffff,1
894898db11bffff,2
894898db163ffff,1
894898db167ffff,1
894898db177ffff,16
894898db1cbffff,1
894898db1dbffff,4
894898db237ffff,4
894898db2b3ffff,5
894898db2b7ffff,3
894898db303ffff,2
894898db307ffff,5
894898db30bffff,1
894898db30fffff,3
894898db313ffff,1
894898db31bffff,1
894898db323ffff,1
894898db32bffff,5
894898db333ffff,1
894898db337ffff,11
894898db33bffff,6
894898db347ffff,4
894898db353ffff,6
894898db357ffff,4
894898db367ffff,1
894898db377ffff,1
894898db37bffff,1
894898db38bffff,1
894898db3a3ffff,2
894898db3afffff,3
894898db3b7ffff,1
894898db3bbffff,1
89489e2004bffff,3
89489e20053ffff,2
89489e2006bffff,1
89489e200abffff,1
89489e200afffff,16
89489e200b7ffff,2
89489e200cbffff,31
89489e20103ffff,6
89489e20107ffff,1
89489e2010bffff,38
89489e2010fffff,18
89489e20117ffff,12
89489e2011bffff,3
89489e20123ffff,3
89489e2012fffff,2
89489e20133ffff,11
89489e2013bffff,1
89489e20143ffff,3
89489e20147ffff,4
89489e2014fffff,5
89489e20153ffff,15
89489e20157ffff,4
89489e20167ffff,6
89489e2016fffff,20
89489e20173ffff,5
89489e20177ffff,8
89489e2017bffff,4
89489e20187ffff,21
89489e2018fffff,18
89489e2019bffff,1
89489e201b3ffff,10
89489e201bbffff,24
89489e201c7ffff,31
89489e201cfffff,2
89489e201d3ffff,1
89489e20253ffff,1
89489e20273ffff,1
89489e202b7ffff,1
89489e2039bffff,4
89489e20533ffff,1
89489e20637ffff,1
89489e2066bffff,1
89489e2068fffff,1
89489e206b7ffff,5
89489e20827ffff,3
89489e20843ffff,13
89489e20847ffff,12
89489e2084bffff,7
89489e2084fffff,2
89489e20853ffff,14
89489e20857ffff,31
89489e2085bffff,12
89489e2086bffff,7
89489e2087bffff,9
89489e20893ffff,3
89489e208b7ffff,30
89489e208cbffff,4
89489e208d7ffff,19
89489e20903ffff,13
89489e20907ffff,4
89489e2090bffff,20
89489e20913ffff,40
89489e20917ffff,5
89489e2091bffff,8
89489e2092bffff,6
89489e20933ffff,1
89489e2093bffff,1
89489e20943ffff,54
89489e20947ffff,6
89489e2094bffff,33
89489e2094fffff,29
89489e20957ffff,1
89489e2095bffff,29
89489e20967ffff,5
89489e2096bffff,39
89489e2096fffff,1
89489e20973ffff,10
89489e20983ffff,5
89489e20987ffff,6
89489e2098bffff,20
89489e2098fffff,1
89489e20993ffff,30
89489e20997ffff,26
89489e2099bffff,24
89489e209a3ffff,2
89489e209a7ffff,5
89489e209abffff,1
89489e209bbffff,4
89489e209c3ffff,20
89489e209c7ffff,33
89489e209cfffff,1
89489e209d3ffff,4
89489e209d7ffff,10
89489e209dbffff,6
89489e20a2fffff,3
89489e20a87ffff,7
89489e20a97ffff,4
89489e20aa3ffff,2
89489e20aa7ffff,1
89489e20aabffff,3
89489e20aafffff,27
89489e20ab3ffff,6
89489e20ab7ffff,9
89489e20abbffff,2
89489e20b87ffff,4
89489e20b8fffff,1
89489e20b97ffff,102
89489e20ba3ffff,3
89489e20bafffff,1
89489e20bb3ffff,6
89489e20bb7ffff,13
89489e20bbbffff,4
89489e20bdbffff,2
89489e20c13ffff,10
89489e20c17ffff,1
89489e20c2bffff,3
89489e20c4bffff,4
89489e20c63ffff,1
89489e20c67ffff,22
89489e20c83ffff,3
89489e20c87ffff,17
89489e20c8fffff,21
89489e20c93ffff,1
89489e20c97ffff,35
89489e20ca3ffff,2
89489e20ca7ffff,6
89489e20cb3ffff,10
89489e20cb7ffff,3
89489e20cbbffff,7
89489e20d03ffff,10
89489e20d07ffff,90
89489e20d0bffff,75
89489e20d0fffff,44
89489e20d13ffff,18
89489e20d17ffff,9
89489e20d1bffff,52
89489e20d23ffff,17
89489e20d27ffff,1
89489e20d2bffff,23
89489e20d2fffff,75
89489e20d33ffff,17
89489e20d37ffff,11
89489e20d3bffff,46
89489e20d47ffff,33
89489e20d4bffff,2
89489e20d4fffff,2
89489e20d57ffff,11
89489e20d63ffff,263
89489e20d67ffff,8
89489e20d6bffff,30
89489e20d6fffff,5
89489e20d77ffff,13
89489e20d7bffff,7
89489e20d83ffff,2
89489e20d87ffff,4
89489e20d8bffff,22
89489e20d8fffff,2
89489e20d93ffff,20
89489e20d97ffff,9
89489e20d9bffff,15
89489e20da3ffff,7
89489e20da7ffff,19
89489e20dabffff,33
89489e20dafffff,4
89489e20db3ffff,70
89489e20db7ffff,4
89489e20dbbffff,42
89489e20dc3ffff,6
89489e20dc7ffff,30
89489e20dcbffff,10
89489e20dcfffff,21
89489e20dd3ffff,52
89489e20dd7ffff,11
89489e20e0bffff,1
89489e20e0fffff,1
89489e20e17ffff,13
89489e20e27ffff,7
89489e20e2fffff,8
89489e20e37ffff,3
89489e20e43ffff,2
89489e20e47ffff,7
89489e20e4fffff,2
89489e20e73ffff,1
89489e20e8fffff,10
89489e20e97ffff,2
89489e20e9bffff,17
89489e20ea3ffff,1
89489e20eabffff,1
89489e20eb3ffff,28
89489e20ebbffff,7
89489e20ed7ffff,1
89489e2116bffff,1
89489e21323ffff,6
89489e2132fffff,1
89489e21333ffff,7
89489e2133bffff,1
89489e21347ffff,3
89489e2137bffff,1
89489e21393ffff,1
89489e213b3ffff,1
89489e21427ffff,5
89489e21433ffff,1
89489e21437ffff,5
89489e214a3ffff,1
89489e214b3ffff,1
89489e215afffff,1
89489e21e93ffff,2
89489e21e9bffff,1
89489e22003ffff,1
89489e22007ffff,19
89489e22013ffff,13
89489e22017ffff,27
89489e2201bffff,1
89489e22023ffff,32
89489e2202bffff,22
89489e2202fffff,13
89489e2204bffff,23
89489e22077ffff,1
89489e22083ffff,1
89489e22087ffff,14
89489e2208fffff,2
89489e22097ffff,5
89489e220abffff,6
89489e220b3ffff,91
89489e220bbffff,11
89489e220c7ffff,1
89489e22103ffff,19
89489e22107ffff,14
89489e2210bffff,23
89489e2210fffff,10
89489e22113ffff,14
89489e2211bffff,22
89489e22127ffff,10
89489e2212bffff,5
89489e22133ffff,27
89489e22137ffff,8
89489e2213bffff,24
89489e22153ffff,3
89489e2215bffff,4
89489e22163ffff,65
89489e22167ffff,49
89489e2216bffff,5
89489e2216fffff,6
89489e22173ffff,39
89489e22177ffff,42
89489e2217bffff,9
89489e22183ffff,1
89489e22187ffff,3
89489e2218bffff,18
89489e2218fffff,1
89489e2219bffff,35
89489e221abffff,1
89489e221bbffff,13
89489e221c3ffff,8
89489e221c7ffff,9
89489e221cbffff,6
89489e221cfffff,6
89489e221d3ffff,7
89489e221d7ffff,5
89489e221dbffff,2
89489e2222bffff,18
89489e22303ffff,1
89489e2230bffff,3
89489e2230fffff,3
89489e22313ffff,1
89489e22317ffff,3
89489e2232fffff,2
89489e2236fffff,8
89489e22383ffff,162
89489e22387ffff,28
89489e2238bffff,10
89489e2238fffff,16
89489e22393ffff,5
89489e22397ffff,8
89489e2239bffff,48
89489e223a3ffff,4
89489e223abffff,7
89489e223afffff,2
89489e223b7ffff,1
89489e22407ffff,1
89489e2246fffff,1
89489e22503ffff,2
89489e2250fffff,43
89489e2252bffff,33
89489e2252fffff,1
89489e2254bffff,7
89489e2254fffff,4
89489e22563ffff,41
89489e22567ffff,18
89489e2256bffff,1
89489e2256fffff,1
89489e22573ffff,1
89489e22577ffff,4
89489e2265bffff,2
89489e2268fffff,1
89489e22697ffff,1
89489e22803ffff,18
89489e2280fffff,2
89489e22813ffff,5
89489e22817ffff,16
89489e2281bffff,1
89489e22823ffff,1
89489e22827ffff,1
89489e22837ffff,1
89489e22883ffff,5
89489e22887ffff,4
89489e2288bffff,2
89489e2288fffff,6
89489e22893ffff,1
89489e22897ffff,5
89489e228b3ffff,2
89489e228b7ffff,14
89489e228c3ffff,3
89489e228c7ffff,5
89489e228cbffff,3
89489e228cfffff,1
89489e228dbffff,1
89489e22903ffff,2
89489e22907ffff,18
89489e2290fffff,9
89489e22913ffff,1
89489e22917ffff,7
89489e22923ffff,41
89489e22927ffff,235
89489e2292bffff,7
89489e2292fffff,19
89489e22933ffff,42
89489e22937ffff,25
89489e2293bffff,41
89489e22943ffff,1
89489e22947ffff,58
89489e2294bffff,3
89489e2294fffff,21
89489e22957ffff,10
89489e2295bffff,11
89489e22963ffff,73
89489e22967ffff,11
89489e2296bffff,25
89489e2296fffff,47
89489e22973ffff,11
89489e22977ffff,79
89489e2297bffff,41
89489e22983ffff,2
89489e22987ffff,31
89489e2298fffff,12
89489e22997ffff,4
89489e229a3ffff,30
89489e229a7ffff,55
89489e229abffff,21
89489e229afffff,35
89489e229b3ffff,29
89489e229b7ffff,87
89489e229bbffff,1
89489e229c3ffff,3
89489e229cbffff,26
89489e229cfffff,3
89489e229d3ffff,30
89489e22a27ffff,2
89489e22a2fffff,16
89489e22a87ffff,17
89489e22ab3ffff,1
89489e22ad3ffff,1
89489e22b03ffff,10
89489e22b07ffff,31
89489e22b13ffff,3
89489e22b17ffff,21
89489e22b1bffff,1
89489e22b3bffff,1
89489e22b43ffff,4
89489e22b4bffff,9
89489e22b53ffff,10
89489e22b57ffff,2
89489e22b5bffff,1
89489e22b63ffff,1
89489e22b6bffff,9
89489e22b6fffff,22
89489e22b73ffff,12
89489e22ba3ffff,58
89489e22ba7ffff,23
89489e22babffff,13
89489e22bafffff,6
89489e22bb7ffff,108
89489e22bbbffff,1
89489e22bcfffff,2
89489e22c03ffff,52
89489e22c07ffff,22
89489e22c0bffff,3
89489e22c0fffff,19
89489e22c13ffff,10
89489e22c17ffff,39
89489e22c1bffff,15
89489e22c23ffff,6
89489e22c27ffff,12
89489e22c2bffff,10
89489e22c2fffff,7
89489e22c33ffff,21
89489e22c37ffff,5
89489e22c3bffff,16
89489e22c43ffff,151
89489e22c47ffff,38
89489e22c4bffff,14
89489e22c4fffff,24
89489e22c53ffff,91
89489e22c57ffff,18
89489e22c5bffff,58
89489e22c6bffff,29
89489e22c73ffff,6
89489e22c77ffff,15
89489e22c7bffff,2
89489e22c83ffff,7
89489e22c87ffff,31
89489e22c8fffff,118
89489e22c93ffff,2
89489e22c97ffff,11
89489e22ca3ffff,46
89489e22ca7ffff,13
89489e22cabffff,2
89489e22cafffff,7
89489e22cb3ffff,146
89489e22cb7ffff,40
89489e22cbbffff,26
89489e22cc3ffff,5
89489e22cc7ffff,6
89489e22ccbffff,3
89489e22ccfffff,2
89489e22cd3ffff,32
89489e22cd7ffff,4
89489e22d03ffff,11
89489e22d07ffff,235
89489e22d0bffff,12
89489e22d0fffff,54
89489e22d13ffff,13
89489e22d17ffff,28
89489e22d1bffff,24
89489e22d23ffff,118
89489e22d27ffff,26
89489e22d2bffff,27
89489e22d2fffff,20
89489e22d33ffff,126
89489e22d37ffff,45
89489e22d3bffff,40
89489e22d43ffff,4
89489e22d47ffff,9
89489e22d4bffff,6
89489e22d4fffff,23
89489e22d53ffff,38
89489e22d57ffff,3
89489e22d5bffff,4
89489e22d63ffff,1
89489e22d67ffff,1
89489e22d6bffff,3
89489e22d6fffff,6
89489e22d73ffff,24
89489e22d77ffff,48
89489e22d7bffff,11
89489e22d83ffff,16
89489e22d87ffff,42
89489e22d8bffff,90
89489e22d8fffff,83
89489e22d93ffff,12
89489e22d97ffff,15
89489e22d9bffff,33
89489e22da3ffff,83
89489e22da7ffff,95
89489e22dabffff,57
89489e22dafffff,34
89489e22db3ffff,2
89489e22db7ffff,4
89489e22dbbffff,12
89489e22dc3ffff,11
89489e22dc7ffff,23
89489e22dcbffff,10
89489e22dcfffff,14
89489e22dd3ffff,7
89489e22dd7ffff,13
89489e22ddbffff,8
89489e22e2bffff,147
89489e22e2fffff,4
89489e22e4fffff,1
89489e22e67ffff,14
89489e22e6bffff,1
89489e22e6fffff,1
89489e22e93ffff,1
89489e22e97ffff,2
89489e22e9bffff,3
89489e22ea7ffff,12
89489e22eb3ffff,158
89489e22eb7ffff,7
89489e22ed3ffff,1
89489e22ed7ffff,1
89489e23383ffff,1
89489e23593ffff,4
89489e24003ffff,59
89489e24007ffff,18
89489e2400bffff,15
89489e2400fffff,6
89489e24013ffff,23
89489e24017ffff,3
89489e2401bffff,28
89489e24037ffff,2
89489e24053ffff,24
89489e24057ffff,12
89489e24083ffff,59
89489e24087ffff,3
89489e2408bffff,3
89489e2408fffff,20
89489e24093ffff,4
89489e24097ffff,4
89489e2409bffff,28
89489e240a3ffff,8
89489e240a7ffff,1
89489e240abffff,35
89489e240afffff,13
89489e240b7ffff,2
89489e240bbffff,3
89489e240c3ffff,1
89489e240c7ffff,15
89489e240cbffff,5
89489e240cfffff,10
89489e240d3ffff,3
89489e240d7ffff,1
89489e24107ffff,3
89489e2410fffff,1
89489e24113ffff,2
89489e24123ffff,1
89489e2412fffff,1
89489e24133ffff,2
89489e24137ffff,3
89489e2413bffff,2
89489e24147ffff,1
89489e24177ffff,8
89489e24183ffff,4
89489e24187ffff,2
89489e2418bffff,4
89489e2418fffff,12
89489e24193ffff,3
89489e24197ffff,7
89489e2419bffff,3
89489e241a3ffff,2
89489e241abffff,29
89489e241afffff,9
89489e241b3ffff,20
89489e241b7ffff,1
89489e241c3ffff,1
89489e241d3ffff,13
89489e241dbffff,3
89489e24403ffff,21
89489e24407ffff,6
89489e2440fffff,2
89489e24413ffff,15
89489e2441bffff,1
89489e24423ffff,5
89489e24427ffff,2
89489e2442bffff,1
89489e24433ffff,1
89489e24437ffff,1
89489e2443bffff,2
89489e24443ffff,37
89489e2444bffff,1
89489e2444fffff,3
89489e24453ffff,5
89489e24457ffff,1
89489e2445bffff,21
89489e2446bffff,1
89489e2447bffff,5
89489e24483ffff,15
89489e24487ffff,20
89489e2448bffff,41
89489e2448fffff,27
89489e24493ffff,3
89489e24497ffff,1
89489e2449bffff,22
89489e244a7ffff,3
89489e244abffff,8
89489e244afffff,6
89489e244bbffff,3
89489e244c3ffff,1
89489e244cfffff,1
89489e244d3ffff,7
89489e244d7ffff,28
89489e24503ffff,28
89489e24507ffff,6
89489e2450bffff,14
89489e2450fffff,12
89489e24513ffff,14
89489e24517ffff,4
89489e2451bffff,39
89489e24523ffff,41
89489e24527ffff,28
89489e2452bffff,129
89489e2452fffff,8
89489e24533ffff,2
89489e24537ffff,16
89489e2453bffff,87
89489e24553ffff,4
89489e24557ffff,9
89489e24563ffff,12
89489e24567ffff,8
89489e2456bffff,59
89489e2456fffff,5
89489e24573ffff,1
89489e24577ffff,8
89489e2457bffff,17
89489e24583ffff,3
89489e24587ffff,7
89489e2458fffff,5
89489e24597ffff,1
89489e2459bffff,1
89489e245a3ffff,6
89489e245abffff,11
89489e245afffff,30
89489e245b3ffff,1
89489e245b7ffff,4
89489e245c3ffff,7
89489e245c7ffff,1
89489e245cbffff,9
89489e245cfffff,19
89489e245d3ffff,3
89489e245d7ffff,5
89489e24603ffff,2
89489e24607ffff,2
89489e2460bffff,4
89489e2460fffff,1
89489e24613ffff,1
89489e24617ffff,3
89489e24623ffff,1
89489e24627ffff,3
89489e24633ffff,37
89489e24637ffff,2
89489e2463bffff,1
89489e24643ffff,3
89489e24647ffff,14
89489e2464bffff,22
89489e2464fffff,1
89489e24653ffff,13
89489e24657ffff,11
89489e24663ffff,18
89489e24667ffff,1
89489e24673ffff,1
89489e24677ffff,5
89489e2467bffff,1
89489e24683ffff,10
89489e24687ffff,2
89489e2468bffff,5
89489e24693ffff,2
89489e24697ffff,7
89489e2469bffff,4
89489e246a7ffff,2
89489e246abffff,3
89489e246afffff,1
89489e246b3ffff,1
89489e246b7ffff,2
89489e246bbffff,2
89489e246c3ffff,2
89489e246c7ffff,8
89489e246cbffff,4
89489e246cfffff,5
89489e246d3ffff,3
89489e246d7ffff,5
89489e246dbffff,1
89489e24807ffff,3
89489e2480fffff,5
89489e24823ffff,3
89489e24827ffff,1
89489e2482bffff,4
89489e24833ffff,1
89489e24837ffff,5
89489e2483bffff,1
89489e24843ffff,1
89489e24847ffff,2
89489e2484fffff,1
89489e24853ffff,4
89489e24857ffff,2
89489e24867ffff,1
89489e24873ffff,21
89489e24877ffff,1
89489e24897ffff,4
89489e248a7ffff,1
89489e248b3ffff,2
89489e248b7ffff,9
89489e248bbffff,1
89489e248cbffff,43
89489e248cfffff,239
89489e249dbffff,2
89489e24a03ffff,2
89489e24a13ffff,2
89489e24a17ffff,4
89489e24a1bffff,2
89489e24a3bffff,1
89489e24a63ffff,7
89489e24a67ffff,3
89489e24a6bffff,10
89489e24a83ffff,1
89489e24a87ffff,4
89489e24a8fffff,1
89489e24a9bffff,1
89489e24aa3ffff,8
89489e24aa7ffff,5
89489e24ab3ffff,2
89489e24ab7ffff,1
89489e24abbffff,1
89489e24ac7ffff,9
89489e24ad3ffff,2
89489e24ad7ffff,1
89489e24bd3ffff,6
89489e24c03ffff,9
89489e24c0fffff,10
89489e24c13ffff,9
89489e24c17ffff,108
89489e24c1bffff,1
89489e24c23ffff,12
89489e24c27ffff,75
89489e24c2bffff,29
89489e24c2fffff,1
89489e24c33ffff,1
89489e24c37ffff,3
89489e24c3bffff,13
89489e24c63ffff,42
89489e24c67ffff,8
89489e24c6bffff,13
89489e24c77ffff,55
89489e24c7bffff,2
89489e24c83ffff,1
89489e24c87ffff,2
89489e24c8bffff,6
89489e24c93ffff,43
89489e24c97ffff,2
89489e24c9bffff,8
89489e24ca3ffff,2
89489e24ca7ffff,7
89489e24cabffff,6
89489e24cafffff,28
89489e24cb7ffff,2
89489e24cc7ffff,1
89489e24ccbffff,5
89489e24cd7ffff,1
89489e24cdbffff,1
89489e24d0bffff,45
89489e24d1bffff,8
89489e24d43ffff,3
89489e24d47ffff,6
89489e24d4bffff,3
89489e24d5bffff,10
89489e24d63ffff,11
89489e24d6fffff,1
89489e24d73ffff,14
89489e24d7bffff,2
89489e24d83ffff,46
89489e24d8bffff,19
89489e24d93ffff,27
89489e24dc3ffff,1
89489e24dc7ffff,13
89489e24dcfffff,3
89489e24ddbffff,1
89489e24e0bffff,1
89489e24e17ffff,3
89489e24e27ffff,1
89489e24e2fffff,1
89489e24e33ffff,12
89489e24e3bffff,9
89489e24e6bffff,1
89489e24e93ffff,1
89489e24ea3ffff,13
89489e24ea7ffff,1
89489e24eabffff,10
89489e24eafffff,38
89489e24eb7ffff,2
89489e24ebbffff,1
89489e25003ffff,3
89489e2500bffff,9
89489e2500fffff,2
89489e25013ffff,15
89489e2501bffff,6
89489e25023ffff,2
89489e2502bffff,2
89489e25047ffff,9
89489e25057ffff,7
89489e25063ffff,2
89489e25073ffff,13
89489e25077ffff,3
89489e2507bffff,1
89489e25083ffff,1
89489e25087ffff,1
89489e2508bffff,1
89489e2508fffff,3
89489e25093ffff,1
89489e25097ffff,2
89489e2509bffff,64
89489e250a7ffff,1
89489e250c3ffff,1
89489e250d7ffff,83
89489e2511bffff,2
89489e25123ffff,2
89489e2514bffff,4
89489e25157ffff,4
89489e2516fffff,1
89489e25177ffff,1
89489e25193ffff,1
89489e252b3ffff,1
89489e25333ffff,3
89489e2534bffff,2
89489e2535bffff,1
89489e253b3ffff,2
89489e253b7ffff,1
89489e253bbffff,2
89489e253c3ffff,1
89489e253d3ffff,12
89489e253d7ffff,2
89489e25403ffff,3
89489e2540bffff,1
89489e2540fffff,7
89489e25413ffff,5
89489e25417ffff,6
89489e25423ffff,5
89489e25427ffff,24
89489e2542bffff,1
89489e2542fffff,2
89489e25433ffff,32
89489e25437ffff,7
89489e25443ffff,2
89489e25447ffff,1
89489e2544bffff,2
89489e25453ffff,1
89489e25463ffff,2
89489e25467ffff,1
89489e2546bffff,36
89489e2546fffff,10
89489e25473ffff,2
89489e25477ffff,7
89489e2547bffff,6
89489e25483ffff,29
89489e25487ffff,3
89489e2548bffff,8
89489e2548fffff,24
89489e25493ffff,14
89489e25497ffff,6
89489e2549bffff,8
89489e254a3ffff,2
89489e254a7ffff,35
89489e254abffff,6
89489e254afffff,2
89489e254b3ffff,3
89489e254b7ffff,27
89489e254c3ffff,8
89489e254c7ffff,3
89489e254cfffff,33
89489e254d3ffff,22
89489e254d7ffff,3
89489e254dbffff,8
89489e25503ffff,31
89489e25507ffff,23
89489e2550bffff,2
89489e2550fffff,7
89489e25513ffff,35
89489e25517ffff,13
89489e2551bffff,2
89489e25523ffff,1
89489e25527ffff,1
89489e2553bffff,11
89489e25543ffff,2
89489e25547ffff,4
89489e2554bffff,2
89489e2554fffff,1
89489e25553ffff,1
89489e25557ffff,1
89489e2555bffff,5
89489e25563ffff,5
89489e25573ffff,4
89489e2557bffff,1
89489e2558bffff,5
89489e2558fffff,40
89489e25597ffff,3
89489e2559bffff,46
89489e255a3ffff,1
89489e255bbffff,2
89489e255c3ffff,8
89489e255c7ffff,12
89489e255cbffff,16
89489e255cfffff,1
89489e255d3ffff,12
89489e255d7ffff,8
89489e255dbffff,6
89489e25623ffff,26
89489e25627ffff,3
89489e2562bffff,3
89489e2562fffff,8
89489e25633ffff,28
89489e25637ffff,3
89489e25647ffff,2
89489e25683ffff,2
89489e25687ffff,5
89489e25693ffff,3
89489e2569bffff,2
89489e256b7ffff,1
89489e256c7ffff,2
89489e256d3ffff,1
89489e256d7ffff,2
89489e259a3ffff,1
89489e259b7ffff,1
89489e25a43ffff,1
89489e25b2bffff,1
89489e25d03ffff,1
89489e25d17ffff,3
89489e25dbbffff,1
89489e25e1bffff,3
89489e25e8fffff,2
89489e25e9bffff,1
89489e25ec3ffff,2
89489e25ed3ffff,1
89489e2601bffff,10
89489e26043ffff,243
89489e26047ffff,8
89489e2604bffff,8
89489e2604fffff,22
89489e26057ffff,8
89489e2605bffff,7
89489e26063ffff,3
89489e2606bffff,2
89489e2606fffff,10
89489e2607bffff,18
89489e2608fffff,1
89489e26097ffff,20
89489e260c3ffff,1
89489e260cbffff,2
89489e26183ffff,1
89489e26187ffff,3
89489e26193ffff,1
89489e26197ffff,1
89489e26203ffff,4
89489e26207ffff,2
89489e2620bffff,15
89489e2620fffff,11
89489e26217ffff,1
89489e2621bffff,3
89489e26223ffff,1
89489e26227ffff,3
89489e2622bffff,3
89489e2622fffff,12
89489e2623bffff,6
89489e26243ffff,5
89489e26247ffff,3
89489e2624bffff,1
89489e26253ffff,32
89489e26257ffff,21
89489e2625bffff,8
89489e26263ffff,6
89489e26267ffff,34
89489e2626bffff,17
89489e2626fffff,2
89489e26273ffff,6
89489e26277ffff,7
89489e2627bffff,1
89489e26283ffff,4
89489e26287ffff,2
89489e2628bffff,3
89489e2628fffff,4
89489e262a3ffff,2
89489e262a7ffff,4
89489e262abffff,30
89489e262b3ffff,5
89489e262b7ffff,3
89489e262bbffff,2
89489e262c3ffff,3
89489e262c7ffff,11
89489e262cbffff,7
89489e262cfffff,1
89489e262d7ffff,17
89489e262dbffff,3
89489e2631bffff,3
89489e26327ffff,1
89489e2633bffff,2
89489e26343ffff,1
89489e26347ffff,21
89489e2634bffff,1
89489e26357ffff,1
89489e2635bffff,1
89489e26363ffff,1
89489e2636bffff,1
89489e26373ffff,2
89489e26383ffff,4
89489e2639bffff,1
89489e263c3ffff,1
89489e263c7ffff,3
89489e263cfffff,7
89489e263d7ffff,1
89489e26403ffff,1
89489e26407ffff,3
89489e2641bffff,2
89489e26423ffff,39
89489e26427ffff,68
89489e2642bffff,1
89489e2642fffff,4
89489e26433ffff,2
89489e26437ffff,20
89489e26443ffff,6
89489e26447ffff,1
89489e2644bffff,1
89489e2644fffff,1
89489e26453ffff,4
89489e26457ffff,1
89489e2645bffff,5
89489e26467ffff,2
89489e2646fffff,1
89489e2647bffff,1
89489e26487ffff,13
89489e2648fffff,3
89489e26493ffff,11
89489e26497ffff,2
89489e2649bffff,1
89489e264a3ffff,4
89489e264a7ffff,10
89489e264abffff,2
89489e264afffff,6
89489e264b3ffff,7
89489e264b7ffff,7
89489e264bbffff,7
89489e264c3ffff,1
89489e264cbffff,2
89489e264d3ffff,6
89489e264d7ffff,1
89489e264dbffff,2
89489e26503ffff,2
89489e2650bffff,2
89489e2650fffff,6
89489e2652bffff,17
89489e26533ffff,1
89489e26543ffff,6
89489e26547ffff,2
89489e2654bffff,1
89489e2654fffff,3
89489e26553ffff,15
89489e26557ffff,3
89489e2655bffff,18
89489e26577ffff,1
89489e26583ffff,2
89489e2658bffff,3
89489e265b3ffff,1
89489e265bbffff,1
89489e265cbffff,3
89489e265cfffff,1
89489e265d3ffff,31
89489e265dbffff,1
89489e26603ffff,3
89489e26607ffff,5
89489e2660bffff,1
89489e26613ffff,1
89489e2661bffff,6
89489e26623ffff,12
89489e2662bffff,10
89489e26633ffff,7
89489e26637ffff,5
89489e2663bffff,5
89489e26643ffff,13
89489e26647ffff,6
89489e2664bffff,46
89489e2664fffff,4
89489e26653ffff,8
89489e26657ffff,4
89489e26663ffff,1
89489e26667ffff,2
89489e2666bffff,9
89489e26673ffff,1
89489e26677ffff,1
89489e2667bffff,1
89489e26683ffff,8
89489e2669bffff,30
89489e266a3ffff,4
89489e266a7ffff,5
89489e266abffff,1
89489e266b3ffff,2
89489e266b7ffff,1
89489e266bbffff,1
89489e266c3ffff,1
89489e266c7ffff,1
89489e266cbffff,6
89489e266cfffff,11
89489e266d3ffff,11
89489e266d7ffff,12
89489e266dbffff,1
89489e26813ffff,3
89489e26817ffff,2
89489e2681bffff,1
89489e26837ffff,1
89489e2683bffff,1
89489e26843ffff,1
89489e26847ffff,4
89489e2684bffff,1
89489e26863ffff,1
89489e26867ffff,9
89489e2686bffff,8
89489e2686fffff,2
89489e2687bffff,1
89489e26883ffff,1
89489e268a3ffff,1
89489e268a7ffff,1
89489e268abffff,1
89489e268afffff,2
89489e268b3ffff,1
89489e268bbffff,1
89489e268c3ffff,2
89489e268cbffff,1
89489e26943ffff,66
89489e26947ffff,5
89489e2694bffff,7
89489e2694fffff,1
89489e2695bffff,7
89489e26973ffff,1
89489e269d7ffff,2
89489e269dbffff,2
89489e26a03ffff,14
89489e26a07ffff,7
89489e26a0bffff,9
89489e26a13ffff,5
89489e26a17ffff,1
89489e26a1bffff,1
89489e26a23ffff,12
89489e26a27ffff,166
89489e26a2bffff,3
89489e26a2fffff,5
89489e26a37ffff,50
89489e26a3bffff,2
89489e26a43ffff,24
89489e26a47ffff,2
89489e26a4bffff,8
89489e26a4fffff,17
89489e26a53ffff,3
89489e26a57ffff,1
89489e26a5bffff,201
89489e26a67ffff,5
89489e26a73ffff,52
89489e26a77ffff,2
89489e26a7bffff,10
89489e26a8fffff,3
89489e26a93ffff,4
89489e26aa3ffff,2
89489e26aa7ffff,6
89489e26aabffff,1
89489e26aafffff,11
89489e26ab3ffff,11
89489e26ab7ffff,1
89489e26abbffff,3
89489e26ac3ffff,18
89489e26acbffff,10
89489e26acfffff,22
89489e26ad3ffff,5
89489e26ad7ffff,3
89489e26adbffff,3
89489e26b03ffff,2
89489e26b07ffff,3
89489e26b0bffff,43
89489e26b0fffff,1
89489e26b13ffff,7
89489e26b17ffff,9
89489e26b1bffff,2
89489e26b2bffff,15
89489e26b43ffff,6
89489e26b47ffff,2
89489e26b4bffff,5
89489e26b53ffff,9
89489e26b57ffff,19
89489e26b5bffff,37
89489e26b63ffff,1
89489e26b67ffff,7
89489e26b6fffff,2
89489e26b73ffff,4
89489e26b77ffff,34
89489e26b87ffff,4
89489e26b8bffff,38
89489e26b8fffff,11
89489e26b97ffff,3
89489e26b9bffff,4
89489e26ba3ffff,4
89489e26babffff,6
89489e26bb3ffff,3
89489e26bb7ffff,12
89489e26bbbffff,2
89489e26bc3ffff,4
89489e26bc7ffff,28
89489e26bcbffff,11
89489e26bcfffff,6
89489e26bd3ffff,1
89489e26bd7ffff,2
89489e26bdbffff,4
89489e26c6fffff,1
89489e26d03ffff,6
89489e26d07ffff,34
89489e26d17ffff,8
89489e26d2bffff,23
89489e26d3bffff,17
89489e26d67ffff,22
89489e26d6bffff,1
89489e26d77ffff,1
89489e26d7bffff,2
89489e26d83ffff,9
89489e26d97ffff,55
89489e26d9bffff,1
89489e26dabffff,9
89489e26dbbffff,63
89489e26e07ffff,1
89489e26e0fffff,1
89489e26e13ffff,3
89489e26e23ffff,1
89489e26e27ffff,2
89489e26e2bffff,1
89489e26e2fffff,1
89489e26e3bffff,1
89489e26e43ffff,3
89489e26e4bffff,2
89489e26e6bffff,2
89489e26e77ffff,1
89489e26e7bffff,1
89489e26e8bffff,1
89489e26e8fffff,1
89489e26ea3ffff,5
89489e26ea7ffff,1
89489e26eb7ffff,1
89489e26ec7ffff,1
89489e26ecbffff,2
89489e27003ffff,29
89489e27007ffff,16
89489e2700bffff,37
89489e2700fffff,47
89489e27013ffff,22
89489e27017ffff,80
89489e2701bffff,26
89489e27023ffff,18
89489e27027ffff,4
89489e2702bffff,247
89489e2702fffff,26
89489e27033ffff,9
89489e27037ffff,2
89489e2703bffff,46
89489e27043ffff,1
89489e27047ffff,5
89489e2704bffff,11
89489e2704fffff,2
89489e27053ffff,7
89489e27057ffff,42
89489e2705bffff,9
89489e27063ffff,4
89489e27067ffff,76
89489e2706bffff,8
89489e2706fffff,11
89489e27073ffff,9
89489e27077ffff,27
89489e2707bffff,7
89489e27083ffff,11
89489e27087ffff,153
89489e2708bffff,22
89489e2708fffff,136
89489e27093ffff,24
89489e27097ffff,59
89489e2709bffff,13
89489e270a3ffff,1
89489e270a7ffff,7
89489e270afffff,1
89489e270b7ffff,1
89489e270bbffff,73
89489e270c3ffff,28
89489e270c7ffff,12
89489e270cbffff,17
89489e270cfffff,63
89489e270d3ffff,98
89489e270d7ffff,25
89489e270dbffff,57
89489e27103ffff,202
89489e27107ffff,12
89489e2710bffff,86
89489e2710fffff,13
89489e27113ffff,39
89489e27117ffff,37
89489e2711bffff,20
89489e27123ffff,1
89489e27127ffff,10
89489e2712fffff,26
89489e27137ffff,4
89489e2713bffff,1
89489e27147ffff,13
89489e2714bffff,6
89489e2714fffff,79
89489e27153ffff,3
89489e27157ffff,2
89489e27163ffff,6
89489e27167ffff,21
89489e2716bffff,80
89489e2716fffff,1
89489e27173ffff,3
89489e2717bffff,9
89489e27183ffff,15
89489e27187ffff,4
89489e2718bffff,25
89489e2718fffff,51
89489e27197ffff,4
89489e2719bffff,1
89489e271a3ffff,1
89489e271a7ffff,4
89489e271b3ffff,1
89489e271bbffff,4
89489e271c3ffff,15
89489e271c7ffff,71
89489e271cfffff,94
89489e271d3ffff,23
89489e271d7ffff,3
89489e271dbffff,3
89489e27203ffff,2
89489e27207ffff,30
89489e2720bffff,16
89489e27213ffff,10
89489e27217ffff,3
89489e27223ffff,2
89489e27227ffff,22
89489e2722bffff,5
89489e2722fffff,7
89489e27237ffff,8
89489e2723bffff,4
89489e27243ffff,10
89489e27247ffff,34
89489e2724bffff,27
89489e2724fffff,4
89489e27253ffff,21
89489e27257ffff,45
89489e27263ffff,2
89489e27267ffff,6
89489e2726bffff,6
89489e2726fffff,7
89489e27273ffff,4
89489e27277ffff,2
89489e2727bffff,1
89489e27283ffff,48
89489e27287ffff,89
89489e2728bffff,5
89489e2728fffff,14
89489e27293ffff,3
89489e27297ffff,49
89489e272a7ffff,8
89489e272b3ffff,3
89489e272b7ffff,42
89489e272c3ffff,1
89489e272c7ffff,2
89489e272cbffff,2
89489e272d3ffff,9
89489e272d7ffff,2
89489e272dbffff,10
89489e27303ffff,64
89489e27307ffff,111
89489e2730bffff,75
89489e2730fffff,410
89489e27313ffff,32
89489e27317ffff,11
89489e2731bffff,24
89489e27323ffff,7
89489e2732bffff,5
89489e2732fffff,8
89489e27333ffff,5
89489e27337ffff,1
89489e2733bffff,28
89489e27343ffff,1
89489e27347ffff,29
89489e2734bffff,1
89489e2734fffff,4
89489e27357ffff,9
89489e2735bffff,1
89489e27363ffff,19
89489e27367ffff,6
89489e2736bffff,6
89489e2736fffff,24
89489e27373ffff,29
89489e27377ffff,82
89489e2737bffff,8
89489e27383ffff,62
89489e2738bffff,99
89489e27393ffff,70
89489e27397ffff,4
89489e2739bffff,17
89489e273a3ffff,2
89489e273a7ffff,1
89489e273abffff,1
89489e273afffff,40
89489e273b7ffff,9
89489e273c7ffff,9
89489e273cfffff,1
89489e273d3ffff,5
89489e273d7ffff,3
89489e27403ffff,7
89489e27407ffff,17
89489e2740bffff,82
89489e2740fffff,73
89489e27413ffff,13
89489e27417ffff,51
89489e2741bffff,16
89489e27423ffff,35
89489e27427ffff,185
89489e2742bffff,26
89489e2742fffff,53
89489e27433ffff,31
89489e27437ffff,189
89489e2743bffff,12
89489e27443ffff,64
89489e27447ffff,22
89489e2744bffff,83
89489e2744fffff,58
89489e27453ffff,20
89489e27457ffff,35
89489e2745bffff,21
89489e27463ffff,152
89489e27467ffff,8
89489e2746bffff,232
89489e2746fffff,82
89489e27473ffff,110
89489e27477ffff,43
89489e2747bffff,450
89489e27483ffff,23
89489e27487ffff,78
89489e2748bffff,31
89489e2748fffff,52
89489e27493ffff,13
89489e27497ffff,47
89489e2749bffff,54
89489e274a3ffff,33
89489e274a7ffff,34
89489e274abffff,34
89489e274afffff,171
89489e274b3ffff,39
89489e274b7ffff,48
89489e274bbffff,59
89489e274c3ffff,64
89489e274c7ffff,96
89489e274cbffff,42
89489e274cfffff,79
89489e274d3ffff,74
89489e274d7ffff,232
89489e274dbffff,13
89489e27513ffff,7
89489e27517ffff,5
89489e2751bffff,7
89489e27527ffff,3
89489e27537ffff,1
89489e27543ffff,2
89489e27547ffff,1
89489e2754bffff,120
89489e2754fffff,18
89489e27553ffff,1
89489e2755bffff,3
89489e27563ffff,7
89489e27567ffff,1
89489e2756bffff,12
89489e2756fffff,6
89489e27573ffff,1
89489e2757bffff,8
89489e27583ffff,1
89489e27587ffff,3
89489e2758bffff,23
89489e2758fffff,31
89489e27593ffff,16
89489e27597ffff,1
89489e2759bffff,50
89489e275a7ffff,3
89489e275afffff,1
89489e275b3ffff,3
89489e275b7ffff,6
89489e275bbffff,4
89489e275c3ffff,8
89489e275c7ffff,12
89489e275cbffff,83
89489e275cfffff,5
89489e275d3ffff,119
89489e275d7ffff,17
89489e275dbffff,15
89489e27603ffff,2
89489e27607ffff,30
89489e2760bffff,4
89489e2760fffff,2
89489e27613ffff,8
89489e27617ffff,36
89489e27623ffff,22
89489e27627ffff,1
89489e2762bffff,9
89489e2762fffff,34
89489e27633ffff,35
89489e27637ffff,4
89489e2763bffff,1
89489e27643ffff,18
89489e27647ffff,132
89489e2764bffff,28
89489e2764fffff,23
89489e27653ffff,11
89489e27657ffff,24
89489e2765bffff,27
89489e27663ffff,3
89489e27667ffff,8
89489e2766bffff,20
89489e2766fffff,13
89489e27673ffff,5
89489e27677ffff,51
89489e2767bffff,120
89489e27683ffff,5
89489e27687ffff,82
89489e2768bffff,13
89489e2768fffff,24
89489e27693ffff,47
89489e27697ffff,33
89489e2769bffff,12
89489e276a3ffff,66
89489e276a7ffff,14
89489e276abffff,65
89489e276afffff,128
89489e276b3ffff,12
89489e276b7ffff,46
89489e276bbffff,41
89489e276c3ffff,20
89489e276c7ffff,7
89489e276cbffff,3
89489e276cfffff,3
89489e276d3ffff,143
89489e276d7ffff,13
89489e276dbffff,20
89489e2a2b3ffff,5
89489e2ad97ffff,2
89489e2c0cfffff,1
89489e2c503ffff,1
89489e2c513ffff,31
89489e2c6d7ffff,2
89489e2cc33ffff,1
89489e2e18fffff,2
89489e2e1dbffff,1
89489e2e27bffff,1
89489e2e5d7ffff,1
89489e2e9cbffff,1
89489e2ed07ffff,12
89489e2ee2fffff,1
89489e2f0afffff,2
89489e2f13bffff,3
89489e2f1b7ffff,1
89489e30003ffff,3
89489e30007ffff,1
89489e3000bffff,15
89489e3000fffff,8
89489e30013ffff,25
89489e30017ffff,14
89489e3001bffff,15
89489e30037ffff,1
89489e30043ffff,1
89489e30053ffff,1
89489e30057ffff,20
89489e30073ffff,1
89489e30077ffff,8
89489e30083ffff,14
89489e30087ffff,15
89489e3008bffff,10
89489e3008fffff,37
89489e30097ffff,15
89489e300a3ffff,2
89489e300a7ffff,17
89489e300abffff,4
89489e300afffff,12
89489e300b3ffff,21
89489e300b7ffff,5
89489e300c7ffff,14
89489e300cfffff,17
89489e30547ffff,1
89489e3054bffff,25
89489e3054fffff,22
89489e30553ffff,1
89489e30557ffff,11
89489e30583ffff,1
89489e30587ffff,3
89489e3058fffff,1
89489e305c7ffff,3
89489e305cbffff,3
89489e305cfffff,2
89489e30807ffff,2
89489e30897ffff,1
89489e308a3ffff,9
89489e308afffff,5
89489e308b3ffff,20
89489e308b7ffff,15
89489e308bbffff,7
89489e30917ffff,11
89489e30927ffff,5
89489e3092fffff,1
89489e30983ffff,40
89489e30987ffff,26
89489e3098bffff,2
89489e30993ffff,2
89489e30997ffff,13
89489e309a7ffff,15
89489e309afffff,4
89489e309b3ffff,19
89489e309b7ffff,8
89489e309bbffff,2
89489e309d3ffff,1
89489e30a9bffff,1
89489e30aabffff,1
89489e30c23ffff,1
89489e30c2fffff,1
89489e30c67ffff,3
89489e30c7bffff,8
89489e30cabffff,3
89489e30d07ffff,4
89489e30d17ffff,3
89489e30d23ffff,1
89489e30d2fffff,1
89489e30d33ffff,1
89489e30d37ffff,46
89489e30d3bffff,2
89489e30d4fffff,4
89489e30d63ffff,2
89489e30d67ffff,1
89489e30d6bffff,1
89489e30d7bffff,6
89489e30d87ffff,5
89489e30d8fffff,12
89489e30da3ffff,4
89489e30da7ffff,34
89489e30dabffff,7
89489e30dafffff,32
89489e30dbbffff,1
89489e30e0fffff,1
89489e30e17ffff,1
89489e30e67ffff,1
89489e30e73ffff,2
89489e30e83ffff,6
89489e30e87ffff,14
89489e30e8bffff,7
89489e30e8fffff,2
89489e30e97ffff,2
89489e30eb3ffff,4
89489e30eb7ffff,1
89489e30ec3ffff,1
89489e30ec7ffff,8
89489e30ed7ffff,1
89489e31027ffff,1
89489e3104bffff,1
89489e31297ffff,4
89489e31803ffff,5
89489e31807ffff,3
89489e3180fffff,1
89489e31817ffff,1
89489e3182fffff,2
89489e31867ffff,2
89489e318afffff,1
89489e31a6fffff,1
89489e31aa3ffff,2
89489e31b23ffff,1
89489e31b2fffff,5
89489e31b47ffff,1
89489e31b6bffff,7
89489e31b73ffff,1
89489e31b7bffff,40
89489e31b83ffff,2
89489e31bd3ffff,14
89489e31bd7ffff,1
89489e32137ffff,1
89489e321afffff,1
89489e32237ffff,1
89489e32353ffff,1
89489e323c3ffff,6
89489e323c7ffff,20
89489e323cfffff,1
89489e323dbffff,1
89489e325dbffff,1
89489e3280fffff,1
89489e32817ffff,1
89489e32823ffff,2
89489e32827ffff,2
89489e3282bffff,20
89489e3282fffff,30
89489e32833ffff,14
89489e3283bffff,1
89489e32867ffff,70
89489e3288bffff,14
89489e32893ffff,3
89489e32897ffff,11
89489e328a3ffff,2
89489e328abffff,2
89489e328afffff,8
89489e328b3ffff,1
89489e328d7ffff,1
89489e32907ffff,1
89489e3290bffff,1
89489e3294bffff,1
89489e32957ffff,7
89489e32963ffff,1
89489e32967ffff,1
89489e3296bffff,1
89489e3296fffff,19
89489e32b27ffff,4
89489e32b2bffff,2
89489e32b2fffff,1
89489e32b33ffff,13
89489e32b37ffff,19
89489e32b77ffff,1
89489e32b83ffff,6
89489e32b87ffff,1
89489e32b8bffff,3
89489e32b93ffff,2
89489e32b9bffff,4
89489e32ba3ffff,16
89489e32ba7ffff,6
89489e32bafffff,21
89489e32bb3ffff,3
89489e32bb7ffff,4
89489e32c2fffff,1
89489e32c6fffff,3
89489e32d13ffff,5
89489e32d37ffff,1
89489e32d87ffff,1
89489e32d8fffff,2
89489e32d93ffff,6
89489e32d97ffff,2
89489e32da3ffff,1
89489e32da7ffff,3
89489e32dabffff,2
89489e32db7ffff,3
89489e32dc7ffff,1
89489e32e8fffff,1
89489e32e93ffff,1
89489e331d7ffff,1
89489e34003ffff,12
89489e34007ffff,5
89489e3400bffff,2
89489e3400fffff,3
89489e34013ffff,3
89489e34017ffff,12
89489e3401bffff,68
89489e34023ffff,6
89489e34027ffff,1
89489e3402bffff,3
89489e3402fffff,9
89489e34033ffff,16
89489e34037ffff,20
89489e3403bffff,11
89489e34043ffff,19
89489e34047ffff,22
89489e3404bffff,26
89489e3404fffff,23
89489e34053ffff,54
89489e34057ffff,37
89489e3405bffff,32
89489e34063ffff,33
89489e34067ffff,15
89489e3406bffff,7
89489e3406fffff,3
89489e34073ffff,10
89489e34077ffff,18
89489e3407bffff,29
89489e34083ffff,11
89489e34087ffff,5
89489e3408bffff,9
89489e34093ffff,82
89489e34097ffff,5
89489e3409bffff,207
89489e340a7ffff,9
89489e340abffff,7
89489e340b3ffff,3
89489e340bbffff,1
89489e340c3ffff,1
89489e340c7ffff,2
89489e340cbffff,14
89489e340cfffff,70
89489e340d3ffff,70
89489e340d7ffff,29
89489e340dbffff,7
89489e3410bffff,1
89489e34123ffff,1
89489e34143ffff,1
89489e34147ffff,7
89489e3414bffff,14
89489e3414fffff,7
89489e3415bffff,3
89489e34163ffff,1
89489e34167ffff,1
89489e3416bffff,11
89489e3416fffff,3
89489e34173ffff,29
89489e34177ffff,3
89489e3417bffff,2
89489e3418bffff,1
89489e3418fffff,1
89489e3419bffff,1
89489e341a3ffff,1
89489e341cfffff,1
89489e341d3ffff,16
89489e341d7ffff,4
89489e34203ffff,119
89489e34207ffff,985
89489e3420bffff,23
89489e3420fffff,317
89489e34213ffff,61
89489e34217ffff,604
89489e3421bffff,4
89489e34223ffff,137
89489e34227ffff,4
89489e3422bffff,844
89489e3422fffff,146
89489e34233ffff,1396
89489e34237ffff,180
89489e3423bffff,706
89489e34243ffff,23
89489e34247ffff,3
89489e3424bffff,8
89489e3424fffff,131
89489e34253ffff,13
89489e34257ffff,16
89489e3425bffff,1
89489e34263ffff,463
89489e34267ffff,117
89489e3426bffff,77
89489e3426fffff,50
89489e34273ffff,3
89489e34277ffff,314
89489e3427bffff,226
89489e34283ffff,5
89489e34287ffff,11
89489e3428bffff,11
89489e3428fffff,52
89489e34293ffff,22
89489e34297ffff,21
89489e3429bffff,8
89489e342a3ffff,82
89489e342a7ffff,2
89489e342abffff,458
89489e342afffff,181
89489e342b3ffff,15
89489e342b7ffff,4
89489e342bbffff,63
89489e342c3ffff,2
89489e342c7ffff,26
89489e342cbffff,2
89489e342cfffff,4
89489e342d3ffff,12
89489e342d7ffff,3
89489e342dbffff,4
89489e34303ffff,20
89489e34307ffff,6
89489e3430bffff,11
89489e3430fffff,3
89489e34313ffff,2
89489e34317ffff,4
89489e3431bffff,7
89489e34323ffff,1
89489e3432bffff,1
89489e34333ffff,3
89489e34337ffff,11
89489e34343ffff,7
89489e34347ffff,11
89489e3434fffff,1
89489e34353ffff,3
89489e34357ffff,3
89489e3435bffff,2
89489e34363ffff,1
89489e34367ffff,1
89489e3436bffff,6
89489e34373ffff,1
89489e3437bffff,4
89489e34383ffff,4
89489e34387ffff,1
89489e3438bffff,8
89489e3438fffff,2
89489e34393ffff,12
89489e34397ffff,15
89489e3439bffff,9
89489e343a3ffff,2
89489e343a7ffff,7
89489e343abffff,5
89489e343afffff,1
89489e343b3ffff,3
89489e343b7ffff,4
89489e343bbffff,6
89489e343c3ffff,3
89489e343c7ffff,11
89489e343cfffff,7
89489e343d3ffff,2
89489e343d7ffff,15
89489e34403ffff,12
89489e34407ffff,36
89489e3440bffff,79
89489e3440fffff,20
89489e34413ffff,111
89489e34417ffff,34
89489e3441bffff,9
89489e34423ffff,22
89489e3442bffff,32
89489e34433ffff,9
89489e34437ffff,3
89489e3443bffff,34
89489e34443ffff,203
89489e34447ffff,305
89489e3444bffff,19
89489e3444fffff,61
89489e34453ffff,23
89489e34457ffff,195
89489e3445bffff,68
89489e34463ffff,18
89489e34467ffff,35
89489e3446bffff,91
89489e3446fffff,45
89489e34473ffff,27
89489e34477ffff,30
89489e3447bffff,51
89489e34483ffff,34
89489e34487ffff,43
89489e3448bffff,20
89489e3448fffff,67
89489e34493ffff,9
89489e34497ffff,8
89489e3449bffff,12
89489e344a3ffff,6
89489e344a7ffff,2
89489e344abffff,17
89489e344afffff,6
89489e344b3ffff,40
89489e344b7ffff,8
89489e344bbffff,19
89489e344c3ffff,62
89489e344c7ffff,59
89489e344cbffff,39
89489e344cfffff,24
89489e344d3ffff,20
89489e344d7ffff,24
89489e344dbffff,62
89489e34503ffff,1
89489e34507ffff,2
89489e34513ffff,1
89489e34517ffff,2
89489e3451bffff,2
89489e3454bffff,4
89489e34567ffff,2
89489e34583ffff,4
89489e34587ffff,1
89489e3458bffff,2
89489e3458fffff,1
89489e34593ffff,4
89489e34597ffff,1
89489e3459bffff,9
89489e345a3ffff,5
89489e345a7ffff,1
89489e345abffff,22
89489e345b3ffff,1
89489e345b7ffff,59
89489e345bbffff,1
89489e345c3ffff,8
89489e345c7ffff,2
89489e345cbffff,2
89489e345cfffff,1
89489e345d3ffff,4
89489e345d7ffff,17
89489e345dbffff,1
89489e34603ffff,34
89489e34607ffff,130
89489e3460bffff,214
89489e3460fffff,986
89489e34613ffff,66
89489e34617ffff,171
89489e3461bffff,46
89489e34623ffff,2873
89489e34627ffff,50
89489e3462bffff,734
89489e3462fffff,19
89489e34633ffff,82
89489e34637ffff,75
89489e3463bffff,373
89489e34643ffff,54
89489e34647ffff,42
89489e3464bffff,316
89489e3464fffff,562
89489e34653ffff,69
89489e34657ffff,1147
89489e3465bffff,612
89489e34663ffff,76
89489e34667ffff,10
89489e3466bffff,400
89489e3466fffff,8
89489e34673ffff,258
89489e34677ffff,462
89489e3467bffff,265
89489e34683ffff,18
89489e34687ffff,17
89489e3468bffff,124
89489e3468fffff,80
89489e34693ffff,78
89489e34697ffff,6
89489e3469bffff,65
89489e346a3ffff,37
89489e346a7ffff,87
89489e346abffff,140
89489e346afffff,16
89489e346b3ffff,22
89489e346b7ffff,62
89489e346bbffff,23
89489e346c3ffff,4
89489e346c7ffff,7
89489e346cbffff,30
89489e346cfffff,1415
89489e346d3ffff,11
89489e346d7ffff,13
89489e346dbffff,4
89489e34803ffff,2
89489e34807ffff,7
89489e3480bffff,2
89489e3480fffff,1
89489e34813ffff,1
89489e3482fffff,2
89489e34833ffff,2
89489e3483bffff,6
89489e34863ffff,3
89489e34867ffff,3
89489e3486bffff,2
89489e3486fffff,1
89489e34873ffff,1
89489e34877ffff,8
89489e3488bffff,2
89489e34943ffff,1
89489e349bbffff,21
89489e349d3ffff,31
89489e349dbffff,1
89489e34a03ffff,2
89489e34a07ffff,3
89489e34a0bffff,1
89489e34a0fffff,4
89489e34a17ffff,1
89489e34a2bffff,10
89489e34a2fffff,4
89489e34a33ffff,1
89489e34a37ffff,2
89489e34a3bffff,15
89489e34a47ffff,3
89489e34a4fffff,8
89489e34a5bffff,1
89489e34a63ffff,18
89489e34a67ffff,2
89489e34a6bffff,5
89489e34a6fffff,1
89489e34a73ffff,1
89489e34a77ffff,3
89489e34a7bffff,1
89489e34aabffff,2
89489e34aafffff,1
89489e34acfffff,1
89489e34adbffff,2
89489e34b43ffff,3
89489e34b4bffff,3
89489e34b4fffff,1
89489e34b57ffff,12
89489e34b5bffff,1
89489e34b6fffff,1
89489e34b73ffff,3
89489e34b7bffff,8
89489e34b83ffff,2
89489e34b9bffff,2
89489e34bc7ffff,6
89489e34bcfffff,21
89489e34bd3ffff,4
89489e34bd7ffff,4
89489e34bdbffff,1
89489e34d23ffff,1
89489e34d33ffff,4
89489e34d37ffff,16
89489e34d6bffff,1
89489e34d6fffff,6
89489e34e43ffff,4
89489e34e4bffff,2
89489e34e53ffff,2
89489e34e5bffff,4
89489e34e8bffff,1
89489e34ec3ffff,1
89489e34ec7ffff,1
89489e34ecbffff,8
89489e34ed3ffff,4
89489e34ed7ffff,7
89489e34edbffff,24
89489e35003ffff,12
89489e35007ffff,3
89489e3500bffff,18
89489e3500fffff,23
89489e35013ffff,83
89489e35017ffff,8
89489e3501bffff,1093
89489e35023ffff,40
89489e35027ffff,36
89489e3502bffff,12
89489e3502fffff,28
89489e35033ffff,25
89489e35037ffff,26
89489e3503bffff,10
89489e35043ffff,31
89489e35047ffff,13
89489e3504bffff,49
89489e3504fffff,18
89489e35053ffff,166
89489e35057ffff,36
89489e3505bffff,23
89489e35067ffff,4
89489e3506fffff,1
89489e35073ffff,34
89489e35083ffff,26
89489e35087ffff,13
89489e3508bffff,35
89489e3508fffff,74
89489e35093ffff,108
89489e35097ffff,6
89489e3509bffff,55
89489e350a3ffff,32
89489e350a7ffff,79
89489e350abffff,9
89489e350afffff,37
89489e350b3ffff,99
89489e350b7ffff,33
89489e350bbffff,54
89489e350c3ffff,49
89489e350c7ffff,515
89489e350cbffff,164
89489e350cfffff,619
89489e350d3ffff,20
89489e350d7ffff,32
89489e350dbffff,131
89489e35103ffff,175
89489e35107ffff,190
89489e3510bffff,5
89489e3510fffff,174
89489e35113ffff,9
89489e35117ffff,74
89489e3511bffff,13
89489e35123ffff,45
89489e35127ffff,28
89489e3512bffff,40
89489e3512fffff,17
89489e35133ffff,108
89489e35137ffff,19
89489e3513bffff,84
89489e35143ffff,13
89489e35147ffff,8
89489e3514bffff,7
89489e3514fffff,158
89489e35153ffff,3
89489e35157ffff,6
89489e3515bffff,2
89489e35163ffff,54
89489e35167ffff,19
89489e3516bffff,4
89489e3516fffff,8
89489e35173ffff,13
89489e35177ffff,17
89489e3517bffff,53
89489e35183ffff,18
89489e35187ffff,17
89489e3518bffff,13
89489e3518fffff,13
89489e35193ffff,53
89489e35197ffff,2
89489e3519bffff,57
89489e351a3ffff,65
89489e351a7ffff,74
89489e351abffff,24
89489e351afffff,4
89489e351b3ffff,44
89489e351b7ffff,8
89489e351bbffff,429
89489e351c3ffff,78
89489e351c7ffff,12
89489e351cbffff,11
89489e351cfffff,2
89489e351d3ffff,70
89489e351d7ffff,62
89489e351dbffff,13
89489e35203ffff,6
89489e35207ffff,8
89489e3520fffff,28
89489e35213ffff,12
89489e35217ffff,4
89489e3521bffff,8
89489e35223ffff,3
89489e35227ffff,33
89489e3522fffff,43
89489e35233ffff,17
89489e35237ffff,10
89489e3523bffff,1
89489e35243ffff,56
89489e3524fffff,5
89489e35253ffff,31
89489e35257ffff,7
89489e3525bffff,2
89489e35273ffff,1
89489e35277ffff,1
89489e3527bffff,1
89489e35283ffff,66
89489e35287ffff,20
89489e3528fffff,5
89489e35297ffff,13
89489e3529bffff,18
89489e352a3ffff,6
89489e352abffff,2
89489e352afffff,1
89489e352b3ffff,16
89489e352b7ffff,50
89489e352bbffff,11
89489e352c3ffff,7
89489e352cbffff,19
89489e352cfffff,13
89489e35303ffff,8
89489e35307ffff,8
89489e3530bffff,6
89489e3530fffff,3
89489e35313ffff,5
89489e3531bffff,35
89489e35323ffff,16
89489e35327ffff,2
89489e3532bffff,14
89489e3532fffff,22
89489e35333ffff,15
89489e35337ffff,13
89489e3533bffff,9
89489e35343ffff,46
89489e35347ffff,9
89489e3534bffff,40
89489e3534fffff,73
89489e35353ffff,6
89489e35357ffff,83
89489e3535bffff,4
89489e35363ffff,56
89489e35367ffff,37
89489e3536bffff,37
89489e3536fffff,18
89489e35373ffff,6
89489e35377ffff,3
89489e3537bffff,5
89489e35383ffff,5
89489e35387ffff,5
89489e3538fffff,11
89489e35393ffff,17
89489e35397ffff,19
89489e3539bffff,8
89489e353a3ffff,34
89489e353a7ffff,4
89489e353abffff,12
89489e353afffff,21
89489e353b3ffff,62
89489e353b7ffff,24
89489e353bbffff,6
89489e353c3ffff,16
89489e353c7ffff,3
89489e353cbffff,5
89489e353cfffff,16
89489e353d3ffff,5
89489e353d7ffff,3
89489e353dbffff,2
89489e35403ffff,114
89489e35407ffff,93
89489e3540bffff,3
89489e3540fffff,11
89489e35413ffff,36
89489e35417ffff,19
89489e3541bffff,39
89489e35423ffff,65
89489e35427ffff,157
89489e3542bffff,26
89489e3542fffff,42
89489e35433ffff,103
89489e35437ffff,75
89489e3543bffff,13
89489e35443ffff,78
89489e35447ffff,28
89489e3544bffff,13
89489e3544fffff,7
89489e35457ffff,22
89489e3545bffff,4
89489e35463ffff,6
89489e35467ffff,47
89489e3546bffff,34
89489e3546fffff,12
89489e35473ffff,16
89489e35477ffff,26
89489e3547bffff,49
89489e35487ffff,12
89489e3548bffff,2
89489e3548fffff,33
89489e35493ffff,6
89489e354a3ffff,15
89489e354a7ffff,35
89489e354abffff,16
89489e354afffff,34
89489e354b3ffff,69
89489e354b7ffff,57
89489e354bbffff,7
89489e354cfffff,9
89489e354d3ffff,3
89489e354dbffff,12
89489e35503ffff,20
89489e35507ffff,114
89489e3550bffff,24
89489e3550fffff,415
89489e35513ffff,10
89489e35517ffff,75
89489e3551bffff,32
89489e35523ffff,1
89489e35527ffff,7
89489e3552bffff,25
89489e3552fffff,2
89489e35533ffff,22
89489e35537ffff,6
89489e3553bffff,26
89489e35543ffff,9
89489e35547ffff,51
89489e3554bffff,28
89489e3554fffff,15
89489e35553ffff,15
89489e35557ffff,24
89489e3555bffff,9
89489e35563ffff,30
89489e35567ffff,14
89489e3556bffff,64
89489e3556fffff,13
89489e35573ffff,32
89489e35577ffff,39
89489e3557bffff,125
89489e35583ffff,270
89489e35587ffff,147
89489e3558bffff,58
89489e3558fffff,4
89489e35593ffff,375
89489e35597ffff,251
89489e3559bffff,30
89489e355a3ffff,52
89489e355a7ffff,34
89489e355abffff,14
89489e355afffff,59
89489e355b3ffff,118
89489e355b7ffff,69
89489e355bbffff,299
89489e355c3ffff,79
89489e355c7ffff,28
89489e355cbffff,9
89489e355cfffff,29
89489e355d3ffff,323
89489e355d7ffff,110
89489e355dbffff,123
89489e3560fffff,1
89489e35613ffff,12
89489e35617ffff,97
89489e3561bffff,3
89489e35623ffff,43
89489e35627ffff,5
89489e3562bffff,1
89489e3562fffff,6
89489e35633ffff,16
89489e35637ffff,15
89489e3563bffff,8
89489e35653ffff,1
89489e35657ffff,2
89489e35667ffff,1
89489e35677ffff,3
89489e35683ffff,4
89489e35687ffff,7
89489e3568bffff,3
89489e3568fffff,7
89489e35697ffff,18
89489e3569bffff,5
89489e356a3ffff,2
89489e356a7ffff,10
89489e356afffff,25
89489e356b3ffff,12
89489e356b7ffff,30
89489e356bbffff,7
89489e356c7ffff,5
89489e356cfffff,5
89489e356d7ffff,8
89489e35803ffff,40
89489e35807ffff,4
89489e3580bffff,8
89489e3580fffff,15
89489e35813ffff,10
89489e35817ffff,37
89489e3581bffff,40
89489e35823ffff,8
89489e35827ffff,4
89489e3582bffff,16
89489e3582fffff,51
89489e35833ffff,47
89489e35837ffff,13
89489e3583bffff,7
89489e35843ffff,34
89489e35847ffff,9
89489e3584bffff,61
89489e3584fffff,2
89489e35853ffff,19
89489e35857ffff,26
89489e3585bffff,89
89489e35863ffff,6
89489e35867ffff,10
89489e3586bffff,36
89489e3586fffff,6
89489e35873ffff,2
89489e35877ffff,6
89489e3587bffff,10
89489e35883ffff,45
89489e35887ffff,60
89489e3588bffff,16
89489e3588fffff,73
89489e35893ffff,28
89489e35897ffff,63
89489e3589bffff,14
89489e358a3ffff,4
89489e358a7ffff,3
89489e358abffff,16
89489e358afffff,5
89489e358b3ffff,7
89489e358b7ffff,3
89489e358bbffff,47
89489e358c3ffff,50
89489e358c7ffff,8
89489e358cbffff,55
89489e358cfffff,9
89489e358d3ffff,97
89489e358d7ffff,6
89489e358dbffff,28
89489e35903ffff,8
89489e3590bffff,20
89489e3590fffff,52
89489e3591bffff,1
89489e35923ffff,2
89489e35927ffff,1
89489e3592bffff,1
89489e3592fffff,1
89489e35937ffff,2
89489e3593bffff,12
89489e35943ffff,2
89489e35947ffff,5
89489e3594bffff,8
89489e3594fffff,3
89489e35953ffff,4
89489e35957ffff,1
89489e3595bffff,12
89489e35963ffff,111
89489e35967ffff,41
89489e3596bffff,3
89489e3596fffff,122
89489e35973ffff,10
89489e35977ffff,12
89489e3597bffff,8
89489e35983ffff,4
89489e3598bffff,1
89489e3598fffff,6
89489e35993ffff,25
89489e3599bffff,17
89489e359a3ffff,1
89489e359a7ffff,1
89489e359abffff,4
89489e359afffff,2
89489e359b3ffff,4
89489e359b7ffff,1
89489e359bbffff,13
89489e359c3ffff,1
89489e359cbffff,8
89489e359cfffff,3
89489e359d3ffff,2
89489e359d7ffff,1
89489e35a03ffff,5
89489e35a07ffff,14
89489e35a0bffff,36
89489e35a0fffff,6
89489e35a13ffff,52
89489e35a17ffff,30
89489e35a1bffff,82
89489e35a23ffff,32
89489e35a27ffff,517
89489e35a2bffff,50
89489e35a2fffff,9
89489e35a33ffff,955
89489e35a37ffff,16
89489e35a3bffff,21
89489e35a43ffff,36
89489e35a47ffff,57
89489e35a4bffff,68
89489e35a4fffff,155
89489e35a53ffff,10
89489e35a57ffff,17
89489e35a5bffff,1
89489e35a63ffff,5
89489e35a67ffff,19
89489e35a6bffff,43
89489e35a6fffff,8
89489e35a73ffff,19
89489e35a77ffff,15
89489e35a7bffff,54
89489e35a83ffff,6
89489e35a87ffff,15
89489e35a8bffff,4
89489e35a8fffff,10
89489e35a93ffff,24
89489e35a97ffff,18
89489e35a9bffff,28
89489e35aa3ffff,44
89489e35aa7ffff,13
89489e35aabffff,58
89489e35aafffff,9
89489e35ab3ffff,39
89489e35ab7ffff,8
89489e35abbffff,80
89489e35ac3ffff,22
89489e35ac7ffff,37
89489e35acbffff,5
89489e35acfffff,23
89489e35ad3ffff,22
89489e35ad7ffff,1
89489e35adbffff,27
89489e35b03ffff,20
89489e35b07ffff,281
89489e35b0bffff,12
89489e35b0fffff,43
89489e35b13ffff,65
89489e35b17ffff,12
89489e35b1bffff,17
89489e35b23ffff,2
89489e35b27ffff,2
89489e35b2bffff,16
89489e35b2fffff,2
89489e35b33ffff,90
89489e35b37ffff,4
89489e35b3bffff,6
89489e35b43ffff,4
89489e35b47ffff,8
89489e35b4bffff,16
89489e35b4fffff,14
89489e35b53ffff,30
89489e35b57ffff,72
89489e35b5bffff,34
89489e35b63ffff,19
89489e35b67ffff,16
89489e35b6bffff,10
89489e35b6fffff,11
89489e35b73ffff,7
89489e35b77ffff,36
89489e35b7bffff,15
89489e35b83ffff,38
89489e35b87ffff,14
89489e35b8bffff,27
89489e35b8fffff,19
89489e35b93ffff,543
89489e35b97ffff,12
89489e35b9bffff,6
89489e35ba7ffff,4
89489e35babffff,7
89489e35bafffff,18
89489e35bb3ffff,1
89489e35bb7ffff,3
89489e35bbbffff,4
89489e35bc3ffff,5
89489e35bc7ffff,9
89489e35bcbffff,6
89489e35bcfffff,10
89489e35bd3ffff,11
89489e35bd7ffff,15
89489e35bdbffff,4
89489e35c07ffff,22
89489e35c0bffff,11
89489e35c0fffff,4
89489e35c13ffff,2
89489e35c17ffff,5
89489e35c1bffff,14
89489e35c23ffff,25
89489e35c27ffff,1
89489e35c2bffff,6
89489e35c2fffff,4
89489e35c33ffff,8
89489e35c37ffff,7
89489e35c3bffff,14
89489e35c43ffff,61
89489e35c47ffff,16
89489e35c4bffff,4
89489e35c4fffff,14
89489e35c53ffff,17
89489e35c57ffff,29
89489e35c5bffff,40
89489e35c63ffff,52
89489e35c67ffff,4
89489e35c6bffff,14
89489e35c6fffff,23
89489e35c73ffff,24
89489e35c77ffff,15
89489e35c7bffff,13
89489e35c83ffff,26
89489e35c87ffff,7
89489e35c8bffff,76
89489e35c8fffff,8
89489e35c93ffff,110
89489e35c97ffff,21
89489e35c9bffff,41
89489e35ca3ffff,11
89489e35ca7ffff,12
89489e35cabffff,9
89489e35cafffff,5
89489e35cb3ffff,6
89489e35cb7ffff,12
89489e35cbbffff,11
89489e35cc3ffff,64
89489e35cc7ffff,60
89489e35ccbffff,92
89489e35ccfffff,23
89489e35cd3ffff,144
89489e35cd7ffff,142
89489e35cdbffff,25
89489e35d0bffff,8
89489e35d0fffff,1
89489e35d23ffff,1
89489e35d2bffff,3
89489e35d37ffff,2
89489e35d3bffff,2
89489e35d43ffff,17
89489e35d47ffff,5
89489e35d4bffff,1
89489e35d4fffff,13
89489e35d53ffff,1
89489e35d57ffff,10
89489e35d5bffff,3
89489e35d63ffff,2
89489e35d67ffff,1
89489e35d6fffff,3
89489e35d73ffff,8
89489e35d77ffff,6
89489e35d7bffff,1
89489e35d87ffff,7
89489e35d8fffff,1
89489e35da3ffff,1
89489e35da7ffff,2
89489e35dabffff,1
89489e35dafffff,2
89489e35db3ffff,1
89489e35db7ffff,4
89489e35dbbffff,3
89489e35dc3ffff,32
89489e35dc7ffff,4
89489e35dcfffff,49
89489e35dd3ffff,9
89489e35ddbffff,5
89489e35e03ffff,18
89489e35e07ffff,18
89489e35e0bffff,16
89489e35e0fffff,7
89489e35e13ffff,14
89489e35e17ffff,37
89489e35e1bffff,19
89489e35e23ffff,3
89489e35e27ffff,6
89489e35e2bffff,28
89489e35e2fffff,2
89489e35e33ffff,54
89489e35e37ffff,8
89489e35e3bffff,34
89489e35e43ffff,206
89489e35e47ffff,49
89489e35e4bffff,14
89489e35e4fffff,7
89489e35e53ffff,74
89489e35e57ffff,38
89489e35e5bffff,34
89489e35e63ffff,15
89489e35e67ffff,11
89489e35e6bffff,37
89489e35e6fffff,21
89489e35e73ffff,8
89489e35e77ffff,43
89489e35e7bffff,3
89489e35e83ffff,6
89489e35e87ffff,14
89489e35e8bffff,42
89489e35e8fffff,10
89489e35e93ffff,48
89489e35e97ffff,7
89489e35e9bffff,198
89489e35ea3ffff,47
89489e35ea7ffff,35
89489e35eabffff,29
89489e35eafffff,40
89489e35eb3ffff,13
89489e35eb7ffff,12
89489e35ebbffff,40
89489e35ec3ffff,32
89489e35ec7ffff,7
89489e35ecbffff,57
89489e35ecfffff,119
89489e35ed3ffff,8
89489e35ed7ffff,4
89489e35edbffff,25
89489e36003ffff,16
89489e36007ffff,88
89489e3600bffff,9
89489e3600fffff,1
89489e36013ffff,13
89489e36017ffff,12
89489e3601bffff,8
89489e36023ffff,44
89489e36027ffff,1
89489e3602bffff,28
89489e3602fffff,1
89489e36033ffff,24
89489e3603bffff,12
89489e36043ffff,27
89489e36047ffff,16
89489e3604bffff,13
89489e3604fffff,5
89489e36053ffff,3
89489e36057ffff,16
89489e3605bffff,28
89489e36063ffff,1
89489e36067ffff,1
89489e3606bffff,2
89489e3606fffff,1
89489e36073ffff,26
89489e36077ffff,8
89489e3607bffff,2
89489e36083ffff,11
89489e36087ffff,5
89489e3608bffff,12
89489e3608fffff,11
89489e36093ffff,3
89489e36097ffff,62
89489e3609bffff,3
89489e360abffff,36
89489e360b3ffff,2
89489e360bbffff,22
89489e360c3ffff,17
89489e360c7ffff,58
89489e360cbffff,6
89489e360cfffff,27
89489e360d3ffff,5
89489e360dbffff,14
89489e36123ffff,5
89489e36127ffff,2
89489e3612fffff,2
89489e36137ffff,3
89489e36143ffff,1
89489e3614bffff,4
89489e3615bffff,1
89489e36163ffff,13
89489e36173ffff,5
89489e36177ffff,1
89489e36187ffff,16
89489e3618fffff,8
89489e36197ffff,11
89489e361a3ffff,1
89489e361a7ffff,2
89489e361abffff,1
89489e361b7ffff,1
89489e36203ffff,9
89489e36207ffff,85
89489e3620bffff,11
89489e3620fffff,36
89489e36213ffff,4
89489e36217ffff,12
89489e3621bffff,2
89489e36223ffff,15
89489e36227ffff,40
89489e3622bffff,10
89489e3622fffff,22
89489e36233ffff,12
89489e36237ffff,51
89489e3623bffff,29
89489e36243ffff,49
89489e36247ffff,41
89489e3624bffff,29
89489e3624fffff,22
89489e36253ffff,42
89489e36257ffff,30
89489e3625bffff,65
89489e36263ffff,8
89489e36267ffff,57
89489e3626bffff,19
89489e3626fffff,10
89489e36273ffff,50
89489e36277ffff,16
89489e3627bffff,47
89489e36283ffff,15
89489e36287ffff,17
89489e3628fffff,70
89489e36293ffff,13
89489e36297ffff,6
89489e3629bffff,6
89489e362a3ffff,7
89489e362a7ffff,38
89489e362abffff,19
89489e362afffff,8
89489e362b3ffff,3
89489e362b7ffff,11
89489e362bbffff,19
89489e362c3ffff,17
89489e362c7ffff,78
89489e362cbffff,87
89489e362cfffff,6
89489e362d3ffff,49
89489e362d7ffff,30
89489e362dbffff,71
89489e3630fffff,1
89489e36317ffff,1
89489e36323ffff,1
89489e3632bffff,2
89489e3632fffff,11
89489e36343ffff,22
89489e36347ffff,1
89489e3634bffff,32
89489e3634fffff,8
89489e36353ffff,90
89489e3635bffff,28
89489e36363ffff,3
89489e36367ffff,2
89489e3636bffff,10
89489e3636fffff,8
89489e36377ffff,4
89489e3638bffff,5
89489e36393ffff,1
89489e3639bffff,2
89489e363afffff,1
89489e363b3ffff,1
89489e363b7ffff,1
89489e363c3ffff,11
89489e363cbffff,27
89489e363cfffff,40
89489e363d3ffff,35
89489e363d7ffff,2
89489e363dbffff,12
89489e36403ffff,7
89489e36407ffff,3
89489e3640bffff,28
89489e3640fffff,6
89489e36413ffff,3
89489e36417ffff,7
89489e3641bffff,2
89489e36423ffff,6
89489e36427ffff,11
89489e3642bffff,12
89489e3642fffff,6
89489e36433ffff,25
89489e36437ffff,8
89489e3643bffff,26
89489e36443ffff,35
89489e36447ffff,12
89489e3644bffff,86
89489e3644fffff,31
89489e36453ffff,11
89489e36457ffff,7
89489e3645bffff,101
89489e36463ffff,6
89489e36467ffff,21
89489e3646bffff,14
89489e3646fffff,6
89489e36473ffff,34
89489e36477ffff,6
89489e3647bffff,16
89489e36483ffff,1
89489e36487ffff,6
89489e3648bffff,6
89489e3648fffff,1
89489e36493ffff,2
89489e36497ffff,2
89489e3649bffff,5
89489e364a3ffff,8
89489e364a7ffff,11
89489e364abffff,5
89489e364afffff,104
89489e364b3ffff,5
89489e364b7ffff,1
89489e364bbffff,4
89489e364c3ffff,1
89489e364c7ffff,2
89489e364cbffff,65
89489e364cfffff,5
89489e364d7ffff,28
89489e364dbffff,7
89489e36503ffff,1
89489e36507ffff,4
89489e36513ffff,1
89489e3651bffff,8
89489e36527ffff,33
89489e3652bffff,2
89489e36533ffff,17
89489e3653bffff,8
89489e36543ffff,4
89489e36547ffff,5
89489e3654bffff,5
89489e3654fffff,4
89489e36553ffff,9
89489e36557ffff,3
89489e3655bffff,21
89489e36583ffff,3
89489e36587ffff,2
89489e36593ffff,6
89489e36597ffff,12
89489e3659bffff,3
89489e365a3ffff,3
89489e365a7ffff,3
89489e365abffff,7
89489e365afffff,2
89489e365b3ffff,9
89489e365b7ffff,10
89489e365bbffff,1
89489e365c3ffff,2
89489e365cbffff,10
89489e365cfffff,7
89489e365d3ffff,16
89489e365d7ffff,14
89489e365dbffff,2
89489e36603ffff,35
89489e36607ffff,23
89489e3660bffff,10
89489e3660fffff,5
89489e36613ffff,79
89489e36617ffff,57
89489e3661bffff,129
89489e36623ffff,33
89489e36627ffff,6
89489e3662bffff,16
89489e3662fffff,15
89489e36633ffff,25
89489e36637ffff,9
89489e3663bffff,14
89489e36643ffff,7
89489e36647ffff,14
89489e3664bffff,23
89489e3664fffff,18
89489e36653ffff,2
89489e3665bffff,21
89489e36663ffff,8
89489e36667ffff,9
89489e3666bffff,118
89489e3666fffff,11
89489e36673ffff,14
89489e36677ffff,51
89489e3667bffff,79
89489e36683ffff,24
89489e36687ffff,40
89489e3668bffff,3
89489e3668fffff,7
89489e36693ffff,34
89489e36697ffff,58
89489e3669bffff,5
89489e366a3ffff,36
89489e366a7ffff,13
89489e366abffff,50
89489e366afffff,64
89489e366b3ffff,21
89489e366b7ffff,23
89489e366bbffff,43
89489e366c3ffff,43
89489e366c7ffff,34
89489e366cbffff,30
89489e366cfffff,91
89489e366d3ffff,24
89489e366d7ffff,22
89489e366dbffff,2
89489e36807ffff,1
89489e3680bffff,1
89489e3680fffff,6
89489e36823ffff,1
89489e36827ffff,1
89489e36833ffff,2
89489e3683bffff,1
89489e3684bffff,6
89489e3685bffff,2
89489e36863ffff,3
89489e3686fffff,2
89489e36873ffff,3
89489e36877ffff,3
89489e3689bffff,1
89489e368a3ffff,1
89489e36907ffff,1
89489e36a43ffff,1
89489e36a83ffff,1
89489e36a87ffff,1
89489e36a8fffff,1
89489e36a93ffff,2
89489e36a97ffff,3
89489e36a9bffff,2
89489e36aa3ffff,1
89489e36aa7ffff,1
89489e36ad3ffff,5
89489e36adbffff,4
89489e36b1bffff,6
89489e36bc3ffff,1
89489e36bcfffff,2
89489e36bd3ffff,1
89489e36bd7ffff,2
89489e36c03ffff,1
89489e36c07ffff,2
89489e36c17ffff,11
89489e36c2bffff,1
89489e36c3bffff,1
89489e36c43ffff,1
89489e36c47ffff,1
89489e36c4fffff,2
89489e36c53ffff,1
89489e36c5bffff,2
89489e36c77ffff,3
89489e36c7bffff,2
89489e36c87ffff,3
89489e36c8bffff,3
89489e36c8fffff,1
89489e36c97ffff,1
89489e36ca3ffff,2
89489e36cb3ffff,2
89489e36ccbffff,3
89489e36d83ffff,1
89489e36d9bffff,3
89489e36dcfffff,3
89489e36e0bffff,1
89489e36e47ffff,11
89489e36e4bffff,2
89489e36e4fffff,3
89489e36e53ffff,1
89489e36e5bffff,4
89489e36e63ffff,1
89489e36e6bffff,2
89489e36e73ffff,1
89489e36e7bffff,2
89489e36e93ffff,1
89489e36ecfffff,7
89489e37003ffff,44
89489e37007ffff,11
89489e3700bffff,41
89489e3700fffff,54
89489e37013ffff,24
89489e37017ffff,12
89489e3701bffff,32
89489e37023ffff,109
89489e37027ffff,69
89489e3702bffff,115
89489e3702fffff,88
89489e37033ffff,51
89489e37037ffff,71
89489e3703bffff,94
89489e37043ffff,4
89489e37047ffff,84
89489e3704bffff,1
89489e3704fffff,13
89489e37057ffff,46
89489e37063ffff,37
89489e37067ffff,48
89489e3706bffff,30
89489e3706fffff,20
89489e37073ffff,78
89489e37077ffff,75
89489e3707bffff,100
89489e37083ffff,2
89489e37087ffff,10
89489e3708bffff,1
89489e3708fffff,9
89489e37097ffff,10
89489e3709bffff,15
89489e370a3ffff,22
89489e370a7ffff,17
89489e370abffff,1
89489e370afffff,47
89489e370b3ffff,3
89489e370b7ffff,117
89489e370bbffff,20
89489e370c7ffff,6
89489e370cbffff,1
89489e370dbffff,1
89489e37103ffff,18
89489e37107ffff,25
89489e3710bffff,9
89489e3710fffff,23
89489e37113ffff,41
89489e37117ffff,46
89489e3711bffff,13
89489e37123ffff,27
89489e37127ffff,25
89489e3712bffff,41
89489e3712fffff,63
89489e37133ffff,14
89489e37137ffff,52
89489e3713bffff,109
89489e37143ffff,37
89489e37147ffff,7
89489e3714bffff,25
89489e3714fffff,7
89489e37153ffff,10
89489e37157ffff,38
89489e3715bffff,42
89489e37163ffff,13
89489e37167ffff,25
89489e3716bffff,38
89489e3716fffff,11
89489e37173ffff,14
89489e37177ffff,12
89489e3717bffff,7
89489e37187ffff,8
89489e3718bffff,24
89489e3718fffff,44
89489e37193ffff,22
89489e37197ffff,2
89489e371a3ffff,80
89489e371a7ffff,17
89489e371abffff,14
89489e371afffff,65
89489e371b3ffff,24
89489e371b7ffff,69
89489e371bbffff,42
89489e371c3ffff,6
89489e371cbffff,45
89489e371cfffff,8
89489e371d3ffff,15
89489e371d7ffff,14
89489e371dbffff,34
89489e37203ffff,13
89489e37207ffff,5
89489e3720bffff,34
89489e3720fffff,9
89489e37213ffff,34
89489e37217ffff,26
89489e3721bffff,34
89489e37227ffff,3
89489e37237ffff,20
89489e37243ffff,24
89489e37247ffff,10
89489e3724bffff,3
89489e3724fffff,11
89489e37253ffff,18
89489e37257ffff,17
89489e3725bffff,3
89489e37263ffff,31
89489e37267ffff,3
89489e3726bffff,17
89489e37273ffff,1
89489e3727bffff,56
89489e37283ffff,15
89489e37287ffff,2
89489e3728bffff,20
89489e3728fffff,123
89489e37293ffff,42
89489e3729bffff,79
89489e372a3ffff,87
89489e372a7ffff,159
89489e372abffff,1
89489e372afffff,29
89489e372b3ffff,4
89489e372b7ffff,38
89489e372bbffff,15
89489e372c3ffff,58
89489e372c7ffff,35
89489e372cbffff,17
89489e372cfffff,25
89489e372d3ffff,21
89489e372d7ffff,80
89489e372dbffff,35
89489e37303ffff,3
89489e37307ffff,38
89489e3730fffff,78
89489e37313ffff,92
89489e37317ffff,11
89489e3731bffff,4
89489e37323ffff,85
89489e37327ffff,23
89489e3732bffff,41
89489e3732fffff,86
89489e37333ffff,145
89489e37337ffff,47
89489e3733bffff,25
89489e37343ffff,2
89489e3734fffff,8
89489e37353ffff,1
89489e37363ffff,36
89489e37367ffff,532
89489e3736bffff,119
89489e3736fffff,65
89489e37373ffff,21
89489e37377ffff,26
89489e3737bffff,39
89489e37383ffff,139
89489e37387ffff,425
89489e3738bffff,70
89489e3738fffff,167
89489e37393ffff,238
89489e37397ffff,52
89489e3739bffff,127
89489e373a3ffff,11
89489e373a7ffff,10
89489e373abffff,10
89489e373afffff,23
89489e373b3ffff,10
89489e373b7ffff,9
89489e373bbffff,52
89489e373c3ffff,83
89489e373c7ffff,21
89489e373cbffff,1
89489e373cfffff,22
89489e373d3ffff,139
89489e373d7ffff,61
89489e373dbffff,160
89489e37403ffff,27
89489e37407ffff,3
89489e37413ffff,60
89489e37417ffff,93
89489e3741bffff,61
89489e37427ffff,10
89489e37433ffff,36
89489e37437ffff,1
89489e37443ffff,2
89489e3744fffff,1
89489e37467ffff,9
89489e3746fffff,1
89489e37483ffff,43
89489e37487ffff,61
89489e3748bffff,39
89489e3748fffff,27
89489e37493ffff,15
89489e37497ffff,45
89489e3749bffff,12
89489e374a3ffff,21
89489e374a7ffff,1
89489e374afffff,1
89489e374b3ffff,62
89489e374b7ffff,68
89489e374bbffff,7
89489e374c7ffff,15
89489e374d7ffff,1
89489e37503ffff,9
89489e37507ffff,3
89489e3750bffff,4
89489e37517ffff,1
89489e37527ffff,53
89489e3752bffff,6
89489e3752fffff,6
89489e37533ffff,3
89489e3753bffff,4
89489e37543ffff,4
89489e37547ffff,3
89489e3754bffff,17
89489e3754fffff,7
89489e37557ffff,1
89489e37563ffff,2
89489e37567ffff,58
89489e3756bffff,34
89489e3756fffff,3
89489e37573ffff,4
89489e3757bffff,21
89489e37583ffff,2
89489e37587ffff,9
89489e3758fffff,1
89489e37593ffff,5
89489e37597ffff,9
89489e3759bffff,69
89489e375a3ffff,11
89489e375a7ffff,126
89489e375abffff,3
89489e375afffff,22
89489e375b3ffff,21
89489e375b7ffff,75
89489e375bbffff,8
89489e375d3ffff,1
89489e3760bffff,2
89489e3762bffff,16
89489e37633ffff,5
89489e3763bffff,3
89489e3764bffff,2
89489e37663ffff,7
89489e37667ffff,12
89489e3766bffff,11
89489e3766fffff,25
89489e37673ffff,35
89489e37677ffff,9
89489e3767bffff,15
89489e3768bffff,1
89489e376abffff,31
89489e376afffff,3
89489e376b3ffff,1
89489e376c3ffff,14
89489e376cbffff,17
89489e376d3ffff,19
89489e376dbffff,24
89489eac06fffff,1
89489eac10bffff,7
89489eac10fffff,6
89489eac11bffff,1
89489eac143ffff,1
89489eac14bffff,1
89489eac15bffff,23
89489eac1d7ffff,2
89489eac227ffff,5
89489eac22fffff,6
89489eac267ffff,5
89489eac26fffff,12
89489eac277ffff,2
89489eac303ffff,3
89489eac307ffff,2
89489eac30fffff,1
89489eac313ffff,2
89489eac31bffff,1
89489eac323ffff,19
89489eac32bffff,4
89489eac32fffff,64
89489eac333ffff,3
89489eac337ffff,1
89489eac33bffff,10
89489eac343ffff,3
89489eac34fffff,2
89489eac35bffff,4
89489eac367ffff,1
89489eac36bffff,3
89489eac383ffff,1
89489eac38bffff,5
89489eac38fffff,25
89489eac397ffff,11
89489eac3a3ffff,3
89489eac3a7ffff,27
89489eac3abffff,4
89489eac3afffff,1
89489eac3b3ffff,4
89489eac3bbffff,2
89489eac3cbffff,6
89489eac803ffff,13
89489eac807ffff,5
89489eac80bffff,57
89489eac80fffff,37
89489eac813ffff,12
89489eac817ffff,11
89489eac81bffff,36
89489eac823ffff,31
89489eac827ffff,8
89489eac82bffff,22
89489eac82fffff,5
89489eac833ffff,2
89489eac837ffff,3
89489eac83bffff,10
89489eac843ffff,4
89489eac847ffff,104
89489eac84bffff,19
89489eac84fffff,1
89489eac857ffff,15
89489eac85bffff,29
89489eac863ffff,46
89489eac867ffff,26
89489eac86bffff,14
89489eac86fffff,157
89489eac873ffff,45
89489eac877ffff,10
89489eac87bffff,9
89489eac883ffff,8
89489eac887ffff,2
89489eac88bffff,4
89489eac88fffff,9
89489eac893ffff,12
89489eac897ffff,2
89489eac89bffff,26
89489eac8a3ffff,1
89489eac8a7ffff,2
89489eac8abffff,2
89489eac8afffff,4
89489eac8c3ffff,5
89489eac8c7ffff,2
89489eac8cfffff,27
89489eac8d3ffff,2
89489eac8d7ffff,18
89489eac8dbffff,1
89489eac903ffff,1
89489eac907ffff,1
89489eac90bffff,1
89489eac90fffff,8
89489eac923ffff,3
89489eac92bffff,5
89489eac933ffff,2
89489eac943ffff,2
89489eac947ffff,11
89489eac94bffff,18
89489eac953ffff,13
89489eac95bffff,43
89489eac9abffff,3
89489eac9cbffff,3
89489eac9cfffff,1
89489eac9d3ffff,2
89489eaca03ffff,49
89489eaca07ffff,2
89489eaca0bffff,26
89489eaca0fffff,31
89489eaca13ffff,2
89489eaca1bffff,91
89489eaca23ffff,14
89489eaca27ffff,3
89489eaca2bffff,7
89489eaca2fffff,4
89489eaca33ffff,7
89489eaca37ffff,8
89489eaca3bffff,7
89489eaca43ffff,5
89489eaca47ffff,7
89489eaca4bffff,5
89489eaca4fffff,5
89489eaca53ffff,36
89489eaca57ffff,28
89489eaca5bffff,9
89489eaca63ffff,22
89489eaca67ffff,10
89489eaca6bffff,23
89489eaca6fffff,27
89489eaca73ffff,30
89489eaca77ffff,6
89489eaca7bffff,12
89489eaca87ffff,10
89489eaca8fffff,10
89489eaca97ffff,17
89489eacaa3ffff,20
89489eacaa7ffff,83
89489eacaabffff,7
89489eacaafffff,7
89489eacab3ffff,15
89489eacabbffff,6
89489eacac3ffff,13
89489eacac7ffff,2
89489eacacbffff,20
89489eacacfffff,29
89489eacad3ffff,1
89489eacadbffff,2
89489eacb03ffff,2
89489eacb07ffff,14
89489eacb0bffff,1
89489eacb0fffff,16
89489eacb13ffff,18
89489eacb17ffff,4
89489eacb23ffff,7
89489eacb27ffff,5
89489eacb2bffff,17
89489eacb2fffff,22
89489eacb33ffff,16
89489eacb37ffff,2
89489eacb3bffff,7
89489eacb43ffff,4
89489eacb47ffff,7
89489eacb4bffff,7
89489eacb4fffff,12
89489eacb53ffff,10
89489eacb57ffff,25
89489eacb5bffff,11
89489eacb63ffff,2
89489eacb67ffff,9
89489eacb6bffff,5
89489eacb6fffff,10
89489eacb73ffff,6
89489eacb77ffff,5
89489eacb7bffff,1
89489eacb83ffff,2
89489eacb87ffff,18
89489eacb8bffff,2
89489eacb8fffff,13
89489eacb93ffff,6
89489eacb97ffff,70
89489eacb9bffff,7
89489eacbabffff,2
89489eacbafffff,7
89489eacbb3ffff,3
89489eacbb7ffff,6
89489eacbbbffff,2
89489eacbc3ffff,13
89489eacbc7ffff,3
89489eacbcbffff,19
89489eacbcfffff,5
89489eacbd3ffff,56
89489eacbd7ffff,5
89489eacbdbffff,31
89489eacc03ffff,1
89489eacc07ffff,2
89489eacc0fffff,1
89489eacc23ffff,7
89489eacc27ffff,16
89489eacc2bffff,14
89489eacc2fffff,6
89489eacc33ffff,5
89489eacc3bffff,10
89489eacc43ffff,1
89489eacc47ffff,1
89489eacc53ffff,2
89489eacc5bffff,1
89489eacc63ffff,18
89489eacc67ffff,29
89489eacc6bffff,5
89489eacc6fffff,7
89489eacc73ffff,5
89489eacc77ffff,10
89489eacc7bffff,1
89489eaccabffff,1
89489eaccafffff,1
89489eaccb7ffff,1
89489eacd03ffff,3
89489eacd13ffff,1
89489eacd1bffff,2
89489eacd43ffff,3
89489eacd4bffff,7
89489eacd53ffff,5
89489eacd57ffff,1
89489eacd5bffff,11
89489eacd7bffff,38
89489eacdc3ffff,1
89489eacdc7ffff,4
89489eacdcfffff,1
89489eacdd7ffff,3
89489eace03ffff,2
89489eace07ffff,1
89489eace13ffff,4
89489eace1bffff,10
89489eace23ffff,22
89489eace27ffff,8
89489eace2bffff,10
89489eace2fffff,8
89489eace33ffff,5
89489eace37ffff,3
89489eace3bffff,9
89489eace4bffff,13
89489eace4fffff,1
89489eace53ffff,3
89489eace5bffff,49
89489eace63ffff,3
89489eace67ffff,2
89489eace6bffff,27
89489eace7bffff,4
89489eace87ffff,1
89489eace8bffff,1
89489eace8fffff,1
89489eaceabffff,2
89489eacebbffff,2
89489eacec3ffff,19
89489eacec7ffff,2
89489eacecfffff,6
89489eaced7ffff,5
89489eacedbffff,46
89489ead30fffff,2
89489ead317ffff,1
89489ead323ffff,1
89489ead32bffff,1
89489ead80fffff,12
89489ead823ffff,29
89489ead827ffff,10
89489ead82bffff,14
89489ead82fffff,3
89489ead833ffff,8
89489ead837ffff,3
89489ead83bffff,20
89489ead843ffff,17
89489ead847ffff,4
89489ead84bffff,1
89489ead84fffff,16
89489ead857ffff,5
89489ead85bffff,20
89489ead863ffff,5
89489ead867ffff,98
89489ead86bffff,12
89489ead86fffff,127
89489ead873ffff,52
89489ead877ffff,21
89489ead87bffff,4
89489ead8a3ffff,1
89489ead8afffff,6
89489ead8b3ffff,1
89489ead8d3ffff,42
89489ead8d7ffff,1
89489ead8dbffff,31
89489ead903ffff,1
89489ead907ffff,7
89489ead90bffff,16
89489ead90fffff,22
89489ead913ffff,28
89489ead917ffff,1
89489ead91bffff,34
89489ead923ffff,1
89489ead927ffff,5
89489ead92bffff,8
89489ead92fffff,8
89489ead933ffff,42
89489ead937ffff,12
89489ead93bffff,4
89489ead943ffff,11
89489ead947ffff,2
89489ead94bffff,33
89489ead94fffff,1
89489ead953ffff,103
89489ead957ffff,35
89489ead95bffff,34
89489ead963ffff,58
89489ead967ffff,29
89489ead96bffff,29
89489ead96fffff,21
89489ead973ffff,7
89489ead977ffff,22
89489ead97bffff,17
89489ead983ffff,24
89489ead987ffff,21
89489ead98bffff,24
89489ead98fffff,94
89489ead993ffff,256
89489ead997ffff,24
89489ead99bffff,12
89489ead9a3ffff,7
89489ead9a7ffff,2
89489ead9abffff,28
89489ead9afffff,2
89489ead9b3ffff,3
89489ead9b7ffff,15
89489ead9bbffff,28
89489ead9c7ffff,43
89489ead9cbffff,1
89489ead9cfffff,66
89489ead9d7ffff,16
89489eada27ffff,13
89489eada2bffff,1
89489eada2fffff,1
89489eada37ffff,6
89489eada4bffff,3
89489eada83ffff,6
89489eada87ffff,8
89489eada93ffff,23
89489eada97ffff,17
89489eada9bffff,1
89489eadaa3ffff,4
89489eadaa7ffff,5
89489eadab7ffff,13
89489eadac3ffff,9
89489eadac7ffff,4
89489eadacfffff,1
89489eadad3ffff,23
89489eadad7ffff,23
89489eadadbffff,5
89489eadb03ffff,77
89489eadb07ffff,66
89489eadb0bffff,10
89489eadb0fffff,97
89489eadb13ffff,8
89489eadb1bffff,70
89489eadb23ffff,42
89489eadb27ffff,1
89489eadb2bffff,13
89489eadb2fffff,2
89489eadb33ffff,2
89489eadb37ffff,4
89489eadb3bffff,64
89489eadb43ffff,46
89489eadb47ffff,49
89489eadb4bffff,40
89489eadb4fffff,43
89489eadb53ffff,31
89489eadb57ffff,245
89489eadb5bffff,132
89489eadb63ffff,130
89489eadb67ffff,32
89489eadb6bffff,34
89489eadb6fffff,8
89489eadb73ffff,10
89489eadb77ffff,23
89489eadb7bffff,44
89489eadb83ffff,49
89489eadb87ffff,52
89489eadb8bffff,108
89489eadb8fffff,37
89489eadb93ffff,41
89489eadb97ffff,29
89489eadb9bffff,41
89489eadba3ffff,147
89489eadba7ffff,2
89489eadbabffff,87
89489eadbafffff,1
89489eadbb3ffff,41
89489eadbb7ffff,10
89489eadbbbffff,35
89489eadbc3ffff,96
89489eadbc7ffff,2
89489eadbcbffff,25
89489eadbcfffff,21
89489eadbd3ffff,55
89489eadbd7ffff,19
89489eadbdbffff,66
89489eadc13ffff,9
89489eadc17ffff,2
89489eadc2bffff,2
89489eadc33ffff,2
89489eadc3bffff,1
89489eadc43ffff,1
89489eadc63ffff,2
89489eadc67ffff,29
89489eadc6bffff,1
89489eadc6fffff,6
89489eadc77ffff,19
89489eadc7bffff,1
89489eadc83ffff,57
89489eadc87ffff,13
89489eadc8bffff,18
89489eadc8fffff,31
89489eadc93ffff,20
89489eadc97ffff,4
89489eadc9bffff,7
89489eadca7ffff,1
89489eadcb3ffff,3
89489eadcbbffff,6
89489eadcc3ffff,1
89489eadcd7ffff,7
89489eadd03ffff,11
89489eadd07ffff,13
89489eadd0bffff,12
89489eadd0fffff,10
89489eadd1bffff,5
89489eadd23ffff,3
89489eadd27ffff,36
89489eadd2bffff,4
89489eadd2fffff,11
89489eadd37ffff,2
89489eadd3bffff,2
89489eadd43ffff,42
89489eadd47ffff,35
89489eadd57ffff,17
89489eadd63ffff,10
89489eadd67ffff,18
89489eadd6bffff,3
89489eadd73ffff,3
89489eadd77ffff,15
89489eadd7bffff,2
89489eadd87ffff,2
89489eadd8bffff,24
89489eadd8fffff,3
89489eadd93ffff,2
89489eadd97ffff,24
89489eadd9bffff,6
89489eadda3ffff,1
89489eadda7ffff,6
89489eaddabffff,11
89489eaddafffff,3
89489eaddb7ffff,55
89489eaddc7ffff,1
89489eaddd7ffff,1
89489eade03ffff,22
89489eade07ffff,53
89489eade0bffff,1
89489eade0fffff,14
89489eade13ffff,62
89489eade17ffff,19
89489eade23ffff,10
89489eade2bffff,30
89489eade2fffff,5
89489eade33ffff,37
89489eade37ffff,1
89489eade3bffff,32
89489eade43ffff,8
89489eade47ffff,7
89489eade4bffff,11
89489eade4fffff,15
89489eade53ffff,2
89489eade5bffff,3
89489eade63ffff,12
89489eade67ffff,31
89489eade6bffff,3
89489eade6fffff,4
89489eade73ffff,15
89489eade77ffff,35
89489eade7bffff,12
89489eade83ffff,4
89489eade87ffff,11
89489eade8bffff,41
89489eade8fffff,18
89489eade97ffff,4
89489eadea3ffff,4
89489eadea7ffff,5
89489eadeabffff,6
89489eadeafffff,63
89489eadeb3ffff,12
89489eadebbffff,22
89489eadec7ffff,20
89489eaeb6bffff,7
89489eaf1abffff,3
89489eaf2cbffff,2
